run_date,posted_for,slot,scheduled_local,scheduled_utc,status,strategy,strategy_name,shape,segment,seed_id,competitor_id,hook_type,character_count,quality_passed,needs_human_review,regen_count,generator,source_ids,risk_flags,typefully_draft_id,typefully_share_url,x_published_url,failure_reasons,tweet_text,impressions,likes,replies,reposts,bookmarks,profile_clicks,url_clicks,followers_gained,waitlist_clicks
2026-05-12,2026-05-13,0,2026-05-13 09:26 IST,2026-05-13T03:56:00Z,dry_run,founder_discovery,Founder / discovery observation,one_liner,practice_ops,month_end_blocked,,founder_pov,81,True,False,0,stub,,,,,,,Your client doesn't want another portal. They want one link. Click. Upload. Done.,,,,,,,,,
2026-05-12,2026-05-13,1,2026-05-13 12:38 IST,2026-05-13T07:08:00Z,review_queue,category_contrast,Category contrast,micro_story,practice_ops,receipts_scattered_everywhere,,category_contrast,111,True,True,0,stub,,,,,,,Bookkeepers don't lose evenings because accounting is hard. They lose them chasing receipts that never arrived.,,,,,,,,,
2026-05-12,2026-05-13,2,2026-05-13 18:51 IST,2026-05-13T13:21:00Z,dry_run,product_mechanic,Product mechanic,micro_story,firm_owner_2_20_staff,wrong_document_uploaded,,product_explainer,111,True,False,0,stub,,,,,,,Bookkeepers don't lose evenings because accounting is hard. They lose them chasing receipts that never arrived.,,,,,,,,,
2026-05-13,2026-05-14,0,2026-05-14 10:14 IST,2026-05-14T04:44:00Z,dry_run,before_after_workflow,Before / after workflow,two_part,firm_owner_2_20_staff,junior_chasing_chain,,workflow_contrast,141,True,False,0,stub,,,,,,,Chasing cascades through the team and stalls real work.\n\nMost receipt tools help after the receipt arrives. ChaseDesk helps get it to arrive.,,,,,,,,,
2026-05-13,2026-05-14,1,2026-05-14 14:05 IST,2026-05-14T08:35:00Z,dry_run,pain_led_story,Pain-led story,two_part,firm_owner_2_20_staff,monday_email_queue,,operational_pain,130,True,False,0,stub,,,,,,,"The week starts with admin, not bookkeeping.\n\nMost receipt tools help after the receipt arrives. ChaseDesk helps get it to arrive.",,,,,,,,,
2026-05-13,2026-05-14,2,2026-05-14 19:39 IST,2026-05-14T14:09:00Z,dry_run,founder_discovery,Founder / discovery observation,micro_story,solo_bookkeeper,blurry_whatsapp_photo,,founder_pov,141,True,False,0,stub,,,,,,,"Even when clients reply, the response is barely usable.\n\nMost receipt tools help after the receipt arrives. ChaseDesk helps get it to arrive.",,,,,,,,,
2026-05-14,2026-05-15,0,2026-05-15 09:07 IST,2026-05-15T03:37:00Z,review_queue,soft_waitlist_cta,Soft waitlist CTA,two_part,solo_bookkeeper,firm_at_capacity,,soft_cta,140,True,True,0,stub,,,,,,,Chasing is quietly capping how much the firm can grow.\n\nMost receipt tools help after the receipt arrives. ChaseDesk helps get it to arrive.,,,,,,,,,
2026-05-14,2026-05-15,1,2026-05-15 13:16 IST,2026-05-15T07:46:00Z,dry_run,pain_led_story,Pain-led story,micro_story,firm_owner_2_20_staff,bookkeeper_not_debt_collector,,operational_pain,135,True,False,0,stub,,,,,,,Skilled work is being spent on low-value chasing.\n\nMost receipt tools help after the receipt arrives. ChaseDesk helps get it to arrive.,,,,,,,,,
2026-05-14,2026-05-15,2,2026-05-15 19:24 IST,2026-05-15T13:54:00Z,dry_run,hidden_cost,Hidden cost of chasing,micro_story,firm_owner_2_20_staff,sunday_night_catchup,,business_cost,140,True,False,0,stub,,,,,,,"Personal time goes to chasing, not to the actual work.\n\nMost receipt tools help after the receipt arrives. ChaseDesk helps get it to arrive.",,,,,,,,,
2026-05-14,2026-05-15,0,2026-05-15 09:28 IST,2026-05-15T03:58:00Z,review_queue,category_contrast,Category contrast,two_part,firm_owner_2_20_staff,receipts_scattered_everywhere,,category_contrast,116,True,True,0,openai,pf_001;pf_003,,,,,,Most receipt tools start once the client forwards the receipt.\n\nChaseDesk starts when there's no receipt to forward.,,,,,,,,,
2026-05-14,2026-05-15,1,2026-05-15 13:11 IST,2026-05-15T07:41:00Z,dry_run,product_mechanic,Product mechanic,one_liner,practice_ops,dashboard_who_is_blocking,,mechanic,121,True,False,0,openai,pf_004,,,,,,"ChaseDesk automatically follows up on missing Xero receipts by email and SMS, freeing you from the chase once they're in.",,,,,,,,,
2026-05-14,2026-05-15,2,2026-05-15 16:14 IST,2026-05-15T10:44:00Z,dry_run,founder_discovery,Founder / discovery observation,one_liner,practice_ops,close_waiting_three_weeks,,discovery,110,True,False,0,openai,pf_004,,,,,,"'We'll close the books once you send the rest,' is still echoing weeks later. ChaseDesk can move things along.",,,,,,,,,
2026-05-14,2026-05-15,0,2026-05-15 13:41 IST,2026-05-15T08:11:00Z,review_queue,category_contrast,Category contrast,two_part,firm_owner_2_20_staff,no_one_wants_another_portal,,category_contrast,165,True,True,0,openai,,,,,,,"Most tools only process receipts once they arrive. \n\nChaseDesk helps get the receipt to arrive first, keeping your team focused on closing books, not endless chases.",,,,,,,,,
2026-05-14,2026-05-15,1,2026-05-15 17:16 IST,2026-05-15T11:46:00Z,skipped,identity_reframe,Identity reframe,two_part,firm_owner_2_20_staff,fifth_followup_email,,emotional_pain,119,True,False,0,openai,pf_002;pf_004,,,,,"typefully error: Typefully API 403: {""detail"":""Token is not valid""}",Writing 'gentle reminder' emails isn't what you signed up for.\n\nMake receipt chasing a seamless process with ChaseDesk.,,,,,,,,,
2026-05-14,2026-05-15,2,2026-05-15 21:00 IST,2026-05-15T15:30:00Z,skipped,founder_discovery,Founder / discovery observation,two_part,practice_ops,chasing_is_invisible_work,,discovery,123,True,False,0,openai,,,,,,"typefully error: Typefully API 403: {""detail"":""Token is not valid""}",The real month-end fire drill? Chasing those last couple of receipts. \n\nAnd nobody sees the hours lost until it's too late.,,,,,,,,,
2026-05-15,2026-05-16,0,2026-05-16 09:31 IST,2026-05-16T04:01:00Z,dry_run,pain_led_story,Pain-led story,micro_story,practice_ops,fifth_followup_email,,emotional_pain,155,True,False,0,openai,,,,,,,"Every follow-up email feels like déjà vu. You've already sent four, and the receipts are still out there. A never-ending loop of reminders and frustration.",,,,,,,,,
2026-05-15,2026-05-16,1,2026-05-16 14:07 IST,2026-05-16T08:37:00Z,dry_run,before_after_workflow,Before / after workflow,list_contrast,solo_bookkeeper,same_reminder_eleven_times,,workflow_contrast,149,True,False,0,openai,pf_004,,,,,,Before ChaseDesk:\nChase clients for receipts. Get nowhere. Stay late fixing books.\n\nAfter ChaseDesk:\nReceipts arrive with less effort. Evening saved.,,,,,,,,,
2026-05-15,2026-05-16,2,2026-05-16 20:52 IST,2026-05-16T15:22:00Z,dry_run,identity_reframe,Identity reframe,two_part,firm_owner_2_20_staff,client_says_just_estimate,,emotional_pain,120,True,False,0,openai,,,,,,,"Every month-end, you hear ""just use last month's receipts.""\n\nChaseDesk ensures you get the needed receipts, not guesses.",,,,,,,,,
2026-05-15,2026-05-16,0,2026-05-16 13:18 IST,2026-05-16T07:48:00Z,skipped,before_after_workflow,Before / after workflow,two_part,practice_ops,new_client_paperwork_mess,,workflow_contrast,158,True,False,0,openai,pf_004;pf_005,,,,,"typefully error: Typefully API 403: {""detail"":""Token is not valid""}","Before ChaseDesk:\nYour week starts in your inbox, chasing receipts.\n\nAfter ChaseDesk:\nReceipts are chased automatically. You start with clean entries in Xero.",,,,,,,,,
2026-05-15,2026-05-16,1,2026-05-16 17:15 IST,2026-05-16T11:45:00Z,skipped,hidden_cost,Hidden cost of chasing,one_liner,practice_ops,vat_deadline_missing_invoices,,business_cost,72,True,False,0,openai,,,,,,"typefully error: Typefully API 403: {""detail"":""Token is not valid""}","When juniors are stuck chasing receipts, month-end becomes a fire drill.",,,,,,,,,
2026-05-15,2026-05-16,2,2026-05-16 20:35 IST,2026-05-16T15:05:00Z,skipped,founder_discovery,Founder / discovery observation,two_part,practice_ops,chasing_is_invisible_work,,founder_pov,128,True,False,0,openai,,,,,,"typefully error: Typefully API 403: {""detail"":""Token is not valid""}",Bookkeepers tell me: \n\nThe biggest weight isn't the balance sheet. It's the hours spent following up on elusive client receipts.,,,,,,,,,
2026-05-16,2026-05-17,0,2026-05-17 11:41 IST,2026-05-17T06:11:00Z,dry_run,pain_led_story,Pain-led story,micro_story,firm_owner_2_20_staff,year_end_ghosting,,time_pain,170,True,False,0,openai,,,,,,,It's month-end. Client responses? Sparse. The inbox stays quiet while deadlines loom larger. Every unanswered email adds to the pile. This isn't bookkeeping—it's chasing.,,,,,,,,,
2026-05-16,2026-05-17,1,2026-05-17 17:12 IST,2026-05-17T11:42:00Z,dry_run,before_after_workflow,Before / after workflow,list_contrast,solo_bookkeeper,new_client_paperwork_mess,,workflow_contrast,157,True,False,0,openai,pf_001;pf_003;pf_005,,,,,,Before ChaseDesk:\nOpen multiple emails. Match receipts manually. Time slips away.\n\nAfter ChaseDesk:\nOne platform views missing receipts. Smooth Xero entries.,,,,,,,,,
2026-05-16,2026-05-17,2,2026-05-17 20:31 IST,2026-05-17T15:01:00Z,dry_run,founder_discovery,Founder / discovery observation,one_liner,firm_owner_2_20_staff,chasing_is_invisible_work,,discovery,111,True,False,0,openai,,,,,,,"""Closing by the 5th,"" they said. Two days vanished into chasing receipts—and no plan ever shows that time lost.",,,,,,,,,
2026-05-16,2026-05-17,0,2026-05-17 10:40 IST,2026-05-17T05:10:00Z,skipped,founder_discovery,Founder / discovery observation,one_liner,practice_ops,vat_deadline_missing_invoices,,founder_pov,113,True,False,0,openai,,,,,,"typefully error: Typefully API 403: {""detail"":""Token is not valid""}",The bottleneck isn't what you think. It's getting the client to send receipts on time so the real work can start.,,,,,,,,,
2026-05-16,2026-05-17,1,2026-05-17 14:55 IST,2026-05-17T09:25:00Z,skipped,no_login_link,No-login upload link,one_liner,practice_ops,shoebox_receipts,,friction,93,True,False,0,openai,pf_002,,,,,"typefully error: Typefully API 403: {""detail"":""Token is not valid""}","A client delays with 'I'll get to it.' With ChaseDesk, they've already done it with one link.",,,,,,,,,
2026-05-16,2026-05-17,2,2026-05-17 20:25 IST,2026-05-17T14:55:00Z,skipped,pain_led_story,Pain-led story,one_liner,practice_ops,receipts_scattered_everywhere,,operational_pain,98,True,False,0,openai,,,,,,"typefully error: Typefully API 403: {""detail"":""Token is not valid""}",Manual receipt chasing means hunting across five channels. It's not bookkeeping—it's firefighting.,,,,,,,,,
2026-05-16,2026-05-17,0,2026-05-17 09:28 IST,2026-05-17T03:58:00Z,scheduled,product_mechanic,Product mechanic,micro_story,firm_owner_2_20_staff,month_end_blocked,,product_explainer,178,True,False,0,openai,pf_006,,9123191,https://typefully.com/t/XVzuBfv,,,"It's month-end and your desk is full of uncategorized transactions. ChaseDesk shows exactly which clients are blocking the close, so you know where to focus your chasing efforts.",,,,,,,,,
2026-05-16,2026-05-17,1,2026-05-17 13:15 IST,2026-05-17T07:45:00Z,scheduled,founder_discovery,Founder / discovery observation,two_part,firm_owner_2_20_staff,vat_deadline_missing_invoices,,founder_pov,139,True,False,0,openai,,,9123193,https://typefully.com/t/L2MfmL8,,,"Every VAT deadline, the focus shifts:\n\nFrom crunching numbers to chasing invoices. With ChaseDesk, stay on what truly needs your attention.",,,,,,,,,
2026-05-16,2026-05-17,2,2026-05-17 18:20 IST,2026-05-17T12:50:00Z,review_queue,category_contrast,Category contrast,two_part,firm_owner_2_20_staff,no_one_wants_another_portal,,positioning,117,True,True,0,openai,pf_002,,,,,,Portals ask clients to log in. That's a barrier.\n\nChaseDesk keeps it simple with a no-login upload link for receipts.,,,,,,,,,
2026-05-17,2026-05-18,0,2026-05-18 10:35 IST,2026-05-18T05:05:00Z,scheduled,before_after_workflow,Before / after workflow,list_contrast,firm_owner_2_20_staff,firm_at_capacity,,workflow_contrast,132,True,False,0,openai,pf_004,,9131842,https://typefully.com/t/7Az7st2,,,Before ChaseDesk:\nEmail clients. Wait. Repeat till month-end.\n\nAfter ChaseDesk:\nAutomatic follow-ups free up your day for real work.,,,,,,,,,
2026-05-17,2026-05-18,1,2026-05-18 13:40 IST,2026-05-18T08:10:00Z,review_queue,soft_waitlist_cta,Soft waitlist CTA,micro_story,firm_owner_2_20_staff,firm_at_capacity,,soft_cta,188,True,True,0,openai,pf_003;pf_007,,,,,,"Juniors chasing receipts, seniors untangling month-end chaos. Two potential clients on hold. Try ChaseDesk. We're letting Xero firms on the waitlist to find hours back without hiring more.",,,,,,,,,
2026-05-17,2026-05-18,2,2026-05-18 18:21 IST,2026-05-18T12:51:00Z,scheduled,no_login_link,No-login upload link,two_part,solo_bookkeeper,no_one_wants_another_portal,,client_simplicity,120,True,False,0,openai,pf_002,,9131844,https://typefully.com/t/BKq2Zev,,,"Clients hear ""new portal"" and freeze up. \n\nWith ChaseDesk, it's just a link. Click and upload, and your job gets easier.",,,,,,,,,
2026-05-18,2026-05-19,0,2026-05-19 09:03 IST,2026-05-19T03:33:00Z,scheduled,before_after_workflow,Before / after workflow,list_contrast,solo_bookkeeper,same_reminder_eleven_times,,workflow_contrast,138,True,False,0,openai,pf_004,,9143655,https://typefully.com/t/qYdkhAG,,,Before ChaseDesk:\nType the same request to clients. Wait. No response.\n\nAfter ChaseDesk:\nAutomatic emails. Receipts arrive. Evening saved.,,,,,,,,,
2026-05-18,2026-05-19,1,2026-05-19 16:33 IST,2026-05-19T11:03:00Z,scheduled,pain_led_story,Pain-led story,two_part,practice_ops,shoebox_receipts,,operational_pain,122,True,False,0,openai,pf_002,,9143656,https://typefully.com/t/VuyU0NP,,,"Your clients' systems? A shoebox of receipts.\n\nChaseDesk offers a no-login link for uploads, releasing you from the chase.",,,,,,,,,
2026-05-18,2026-05-19,2,2026-05-19 20:35 IST,2026-05-19T15:05:00Z,review_queue,category_contrast,Category contrast,two_part,solo_bookkeeper,receipts_scattered_everywhere,,category_contrast,135,True,True,0,openai,,,,,,,"Most tools swoop in after receipts arrive.\n\nChaseDesk makes sure they get to you first, streamlining your Xero workflow from the start.",,,,,,,,,
2026-05-19,2026-05-20,0,2026-05-20 11:27 IST,2026-05-20T05:57:00Z,review_queue,category_contrast,Category contrast,one_liner,practice_ops,receipts_scattered_everywhere,,category_contrast,77,True,True,0,openai,,,,,,,Receipt tools usually wait for receipts to arrive. ChaseDesk ensures they do.,,,,,,,,,
2026-05-19,2026-05-20,1,2026-05-20 15:15 IST,2026-05-20T09:45:00Z,scheduled,before_after_workflow,Before / after workflow,two_part,solo_bookkeeper,monday_email_queue,,workflow_contrast,143,True,False,0,openai,pf_002;pf_004,,9158711,https://typefully.com/t/YQDAxj2,,,"Before ChaseDesk:\nPainful follow-ups and sleepy Sundays.\n\nAfter ChaseDesk:\nReceipts upload via a simple link, reducing weekend work and stress.",,,,,,,,,
2026-05-19,2026-05-20,2,2026-05-20 20:39 IST,2026-05-20T15:09:00Z,scheduled,pain_led_story,Pain-led story,micro_story,firm_owner_2_20_staff,fifth_followup_email,,time_pain,151,True,False,0,openai,,,9158712,https://typefully.com/t/JMViegr,,,"It's Monday morning, and instead of diving into numbers, you're buried in emails chasing receipts. Every week feels like a race against time and tasks.",,,,,,,,,
2026-05-20,2026-05-21,0,2026-05-21 09:36 IST,2026-05-21T04:06:00Z,scheduled,pain_led_story,Pain-led story,micro_story,practice_ops,receipts_scattered_everywhere,,time_pain,134,True,False,0,openai,pf_004,,9173608,https://typefully.com/t/Gqq6ULg,,,"Every month-end, you're not just closing books; you're in a scavenger hunt for receipts. ChaseDesk gives you back your time and focus.",,,,,,,,,
2026-05-20,2026-05-21,1,2026-05-21 13:21 IST,2026-05-21T07:51:00Z,scheduled,before_after_workflow,Before / after workflow,list_contrast,practice_ops,monday_email_queue,,workflow_contrast,111,True,False,0,openai,pf_004;pf_002,,9173609,https://typefully.com/t/ZTenqig,,,"Before ChaseDesk:\nChase missing receipts Monday morning.\nAfter ChaseDesk:\nFocus on bookkeeping, not follow-ups.",,,,,,,,,
2026-05-20,2026-05-21,2,2026-05-21 20:57 IST,2026-05-21T15:27:00Z,scheduled,founder_discovery,Founder / discovery observation,one_liner,firm_owner_2_20_staff,client_says_just_estimate,,founder_pov,115,True,False,0,openai,,,9173610,https://typefully.com/t/vBdKljX,,,"The bottleneck for bookkeepers is clear—it's not the accounting process, but getting timely responses from clients.",,,,,,,,,
2026-05-21,2026-05-22,0,2026-05-22 09:20 IST,2026-05-22T03:50:00Z,scheduled,no_login_link,No-login upload link,micro_story,practice_ops,dashboard_who_is_blocking,,friction,165,True,False,0,openai,pf_006,,9186633,https://typefully.com/t/ezDFRnt,,,"Instead of chasing down receipts with no end in sight, imagine opening one screen with all the answers. That's Monday morning with ChaseDesk. Less chase, more close.",,,,,,,,,
2026-05-21,2026-05-22,1,2026-05-22 15:30 IST,2026-05-22T10:00:00Z,scheduled,before_after_workflow,Before / after workflow,list_contrast,practice_ops,month_end_blocked,,workflow_contrast,112,True,False,0,openai,pf_004,,9186634,https://typefully.com/t/AYTnrfl,,,"Before ChaseDesk:\nEndless email chains, chasing receipts.\n\nAfter ChaseDesk:\nAutomated follow-ups save your time.",,,,,,,,,
2026-05-21,2026-05-22,2,2026-05-22 18:44 IST,2026-05-22T13:14:00Z,review_queue,category_contrast,Category contrast,two_part,practice_ops,close_waiting_three_weeks,hubdoc,category_contrast,118,True,True,0,openai,pf_003;pf_004,,,,,,"Most receipt tools kick in after the receipt arrives. \n\nChaseDesk gets receipts to arrive, clearing the path to close.",,,,,,,,,
2026-05-22,2026-05-23,0,2026-05-23 11:33 IST,2026-05-23T06:03:00Z,scheduled,pain_led_story,Pain-led story,one_liner,solo_bookkeeper,same_reminder_eleven_times,,emotional_pain,114,True,False,0,openai,,,9200298,https://typefully.com/t/pKwYrms,,,It's not the bookkeeping that's tough—it's the endless loop of receipt chasing that depletes your time and energy.,,,,,,,,,
2026-05-22,2026-05-23,1,2026-05-23 14:41 IST,2026-05-23T09:11:00Z,scheduled,identity_reframe,Identity reframe,one_liner,solo_bookkeeper,fifth_followup_email,,identity,128,True,False,0,openai,pf_004;pf_007,,9200300,https://typefully.com/t/fWuNNuC,,,"You didn't start a bookkeeping practice to chase receipts. ChaseDesk automates follow-ups, freeing you for real accounting work.",,,,,,,,,
2026-05-22,2026-05-23,2,2026-05-23 18:07 IST,2026-05-23T12:37:00Z,scheduled,hidden_cost,Hidden cost of chasing,micro_story,practice_ops,shoebox_receipts,,hidden_cost,144,True,False,0,openai,pf_006,,9200301,https://typefully.com/t/5cP2bW3,,,"The client says receipts are 'somewhere safe' but when? You're firefighting, not bookkeeping. ChaseDesk keeps track so you can focus on closing.",,,,,,,,,
2026-05-23,2026-05-24,0,2026-05-24 12:04 IST,2026-05-24T06:34:00Z,review_queue,soft_waitlist_cta,Soft waitlist CTA,two_part,firm_owner_2_20_staff,firm_at_capacity,,soft_cta,169,True,True,0,openai,pf_001;pf_002;pf_003;pf_004;pf_005;pf_006;pf_007,,,,,,"When your team is stuck chasing, growth stalls.\n\nIf you're a Xero firm struggling with this, we're opening ChaseDesk access in batches for firms still doing it manually.",,,,,,,,,
2026-05-23,2026-05-24,1,2026-05-24 17:08 IST,2026-05-24T11:38:00Z,scheduled,founder_discovery,Founder / discovery observation,micro_story,firm_owner_2_20_staff,wrong_document_uploaded,,discovery,206,True,False,0,openai,,,9212113,https://typefully.com/t/GGbO9Yz,,,"Talked to a bunch of Xero firms this month. The biggest struggle? It's not bookkeeping. It's the constant reminder loop with clients. ChaseDesk steps in to ease that loop, freeing you up for real work time.",,,,,,,,,
2026-05-23,2026-05-24,2,2026-05-24 20:31 IST,2026-05-24T15:01:00Z,scheduled,no_login_link,No-login upload link,micro_story,practice_ops,dashboard_who_is_blocking,,client_simplicity,178,True,False,0,openai,pf_002,,9212115,https://typefully.com/t/gcFBzDa,,,"Your client doesn’t want a new app. They want simplicity: one click, one upload, no login. And you want to focus on closing, not chasing. That's what ChaseDesk delivers, quietly.",,,,,,,,,
2026-05-24,2026-05-25,0,2026-05-25 09:23 IST,2026-05-25T03:53:00Z,scheduled,hidden_cost,Hidden cost of chasing,one_liner,firm_owner_2_20_staff,junior_chasing_chain,,hidden_cost,97,True,False,0,openai,,,9222669,https://typefully.com/t/HoE9rAO,,,Receipt chasing isn't small admin; it's a capacity drain that halts team productivity and growth.,,,,,,,,,
2026-05-24,2026-05-25,1,2026-05-25 14:42 IST,2026-05-25T09:12:00Z,scheduled,identity_reframe,Identity reframe,two_part,solo_bookkeeper,bookkeeper_not_debt_collector,,identity,91,True,False,0,openai,pf_004;pf_007,,9222671,https://typefully.com/t/P6mpAUY,,,Your expertise isn't debt collection.\n\nFree your time from chasing receipts with ChaseDesk.,,,,,,,,,
2026-05-24,2026-05-25,2,2026-05-25 19:51 IST,2026-05-25T14:21:00Z,review_queue,category_contrast,Category contrast,one_liner,practice_ops,close_waiting_three_weeks,,category_contrast,113,True,True,0,openai,pf_004;pf_006,,,,,,"Most tools wait for the receipt to arrive. ChaseDesk ensures it does, shifting your month-end from chaos to calm.",,,,,,,,,
2026-05-25,2026-05-26,0,2026-05-26 09:02 IST,2026-05-26T03:32:00Z,scheduled,founder_discovery,Founder / discovery observation,one_liner,practice_ops,blurry_whatsapp_photo,,discovery,122,True,False,0,openai,,,9234939,https://typefully.com/t/3e7hDB3,,,"The more Xero bookkeepers I meet, the clearer it is: accounting isn’t the bottleneck. It's the client’s delayed responses.",,,,,,,,,
2026-05-25,2026-05-26,1,2026-05-26 14:11 IST,2026-05-26T08:41:00Z,scheduled,product_mechanic,Product mechanic,one_liner,solo_bookkeeper,dashboard_who_is_blocking,,product_explainer,142,True,False,0,openai,pf_006,,9234940,https://typefully.com/t/Dd0Cruy,,,"Open one screen to see which clients are holding you back from month-end close. ChaseDesk shows who's blocking clean entries, all in one view.",,,,,,,,,
2026-05-25,2026-05-26,2,2026-05-26 19:58 IST,2026-05-26T14:28:00Z,scheduled,identity_reframe,Identity reframe,two_part,solo_bookkeeper,sunday_night_catchup,,emotional_pain,115,True,False,0,openai,pf_004,,9234941,https://typefully.com/t/sWamXji,,,"It's Sunday night. You're inbox deep in receipt chasing, not in client books.\n\nLet ChaseDesk handle the follow-ups.",,,,,,,,,
2026-05-26,2026-05-27,0,2026-05-27 12:09 IST,2026-05-27T06:39:00Z,scheduled,hidden_cost,Hidden cost of chasing,one_liner,firm_owner_2_20_staff,close_waiting_three_weeks,,capacity,85,True,False,0,openai,,,9249129,https://typefully.com/t/E5B9Q11,,,Chasing receipts isn't admin—it's a time sink keeping you from taking on new clients.,,,,,,,,,
2026-05-26,2026-05-27,1,2026-05-27 15:38 IST,2026-05-27T10:08:00Z,scheduled,identity_reframe,Identity reframe,one_liner,firm_owner_2_20_staff,bookkeeper_not_debt_collector,,identity,110,True,False,0,openai,pf_004,,9249130,https://typefully.com/t/PI5VXgl,,,You didn't sign up to be a receipt collector. ChaseDesk automates the nagging so you can stick to bookkeeping.,,,,,,,,,
2026-05-26,2026-05-27,2,2026-05-27 19:08 IST,2026-05-27T13:38:00Z,scheduled,no_login_link,No-login upload link,micro_story,solo_bookkeeper,no_one_wants_another_portal,,friction,152,True,False,0,openai,pf_002,,9249131,https://typefully.com/t/SzKFyeW,,,"The moment you mention a portal, clients cringe. ""Not another password,"" they moan. With ChaseDesk, it's one link. Less time chasing, more time closing.",,,,,,,,,
2026-05-27,2026-05-28,0,2026-05-28 09:24 IST,2026-05-28T03:54:00Z,scheduled,founder_discovery,Founder / discovery observation,one_liner,solo_bookkeeper,vat_deadline_missing_invoices,,founder_pov,100,True,False,1,openai,,,9263092,https://typefully.com/t/JM7KSBf,,,"Many Xero bookkeepers say the real blocker isn't the entries, it's the clients' slow response times.",,,,,,,,,
2026-05-27,2026-05-28,1,2026-05-28 14:41 IST,2026-05-28T09:11:00Z,scheduled,hidden_cost,Hidden cost of chasing,micro_story,firm_owner_2_20_staff,new_client_paperwork_mess,,capacity,177,True,False,0,openai,,,9263093,https://typefully.com/t/YxiF1bX,,,"Onboarding a client with months of mismatched receipts. Looks like simple admin, but it's your team's focus that's lost to receipt scavenger hunts. Not bookkeeping—just chasing.",,,,,,,,,
2026-05-27,2026-05-28,2,2026-05-28 20:12 IST,2026-05-28T14:42:00Z,review_queue,soft_waitlist_cta,Soft waitlist CTA,two_part,practice_ops,firm_at_capacity,,soft_cta,154,True,True,0,openai,pf_004,,,,,,We all know the grind: manually chasing receipts takes time that should go to clients.\n\nChaseDesk is opening access to firms tired of this constant cycle.,,,,,,,,,
2026-05-28,2026-05-29,0,2026-05-29 11:49 IST,2026-05-29T06:19:00Z,scheduled,no_login_link,No-login upload link,micro_story,solo_bookkeeper,receipts_scattered_everywhere,,client_simplicity,203,True,False,0,openai,pf_002;pf_004,,9276241,https://typefully.com/t/RSclr8N,,,"Receipts scattered in emails, Dropbox, and texts. Clients dread the hunt for ""just one more."" Imagine saying ""No app, no portal—just a link!"" With ChaseDesk, receipts unite, and evenings are yours again.",,,,,,,,,
2026-05-28,2026-05-29,1,2026-05-29 15:10 IST,2026-05-29T09:40:00Z,scheduled,pain_led_story,Pain-led story,one_liner,practice_ops,chasing_is_invisible_work,,emotional_pain,114,True,False,0,openai,,,9276242,https://typefully.com/t/vwtE0Jv,,,Receipt chasing is the fire drill you didn’t plan for every month-end. The unseen work keeping you from the close.,,,,,,,,,
2026-05-28,2026-05-29,2,2026-05-29 20:57 IST,2026-05-29T15:27:00Z,scheduled,product_mechanic,Product mechanic,micro_story,practice_ops,same_reminder_eleven_times,,mechanic,160,True,False,0,openai,pf_002,,9276243,https://typefully.com/t/iQGUjOb,,,"Another month-end fire drill, chasing down the same receipts? With ChaseDesk, clients get a no-login upload link. Simplifies chasing, lets you focus on closing.",,,,,,,,,
2026-05-29,2026-05-30,0,2026-05-30 11:51 IST,2026-05-30T06:21:00Z,review_queue,category_contrast,Category contrast,two_part,solo_bookkeeper,month_end_blocked,,category_contrast,113,True,True,0,openai,,,,,,,Most receipt tools start after the receipt arrives.\n\nChaseDesk starts with the chase—so you can finish the close.,,,,,,,,,
2026-05-29,2026-05-30,1,2026-05-30 15:58 IST,2026-05-30T10:28:00Z,scheduled,no_login_link,No-login upload link,micro_story,firm_owner_2_20_staff,new_client_paperwork_mess,,client_simplicity,205,True,False,0,openai,pf_002;pf_007,,9289972,https://typefully.com/t/ueAR29I,,,"A client sighs at another portal mention. They're relieved when you say, ""It's just a link—click, upload, done."" ChaseDesk makes it simple for them, efficient for you. Less time chasing, more time closing.",,,,,,,,,
2026-05-29,2026-05-30,2,2026-05-30 20:52 IST,2026-05-30T15:22:00Z,scheduled,pain_led_story,Pain-led story,two_part,practice_ops,year_end_ghosting,,operational_pain,133,True,False,0,openai,pf_004;pf_007,,9289973,https://typefully.com/t/h3SoNIi,,,"Your expertise is bookkeeping—not sleuthing for missing receipts.\n\nLet ChaseDesk handle the chase, so you focus on closing the books.",,,,,,,,,
2026-05-30,2026-05-31,0,2026-05-31 09:37 IST,2026-05-31T04:07:00Z,review_queue,category_contrast,Category contrast,one_liner,practice_ops,month_end_blocked,,category_contrast,69,True,True,0,openai,,,,,,,Receipt tools help once they arrive. ChaseDesk gets them here faster.,,,,,,,,,
2026-05-30,2026-05-31,1,2026-05-31 14:24 IST,2026-05-31T08:54:00Z,scheduled,no_login_link,No-login upload link,one_liner,practice_ops,dashboard_who_is_blocking,,friction,120,True,False,0,openai,pf_006;pf_007,,9304528,https://typefully.com/t/XLMoBhJ,,,"Instead of juggling emails for missing receipts, open ChaseDesk: one screen, all clients, clear path to month-end close.",,,,,,,,,
2026-05-30,2026-05-31,2,2026-05-31 20:49 IST,2026-05-31T15:19:00Z,scheduled,before_after_workflow,Before / after workflow,two_part,firm_owner_2_20_staff,firm_at_capacity,,workflow_contrast,147,True,False,0,openai,pf_004;pf_002,,9304529,https://typefully.com/t/84AUgvf,,,"Before ChaseDesk:\nTedious client reminders, weekends lost to follow-ups.\n\nAfter ChaseDesk:\nAutomated receipt collection, weekends are back for you.",,,,,,,,,
2026-05-31,2026-06-01,0,2026-06-01 10:47 IST,2026-06-01T05:17:00Z,scheduled,identity_reframe,Identity reframe,two_part,solo_bookkeeper,monday_email_queue,,identity,109,True,False,0,openai,,,9315648,https://typefully.com/t/JPSnM6j,,,"Monday morning shouldn’t start with chasing receipts.\n\nLet bookkeeping be your focus, not endless follow-ups.",,,,,,,,,
2026-05-31,2026-06-01,1,2026-06-01 14:00 IST,2026-06-01T08:30:00Z,scheduled,product_mechanic,Product mechanic,one_liner,solo_bookkeeper,fifth_followup_email,,mechanic,125,True,False,0,openai,pf_003;pf_004;pf_007,,9315649,https://typefully.com/t/9Cbqaed,,,Tired of the follow-up grind? ChaseDesk automatically detects missing receipts in Xero and chases them down until they're in.,,,,,,,,,
2026-05-31,2026-06-01,2,2026-06-01 20:52 IST,2026-06-01T15:22:00Z,scheduled,no_login_link,No-login upload link,micro_story,solo_bookkeeper,dashboard_who_is_blocking,,friction,156,True,False,0,openai,pf_004,,9315651,https://typefully.com/t/hP80CIa,,,"Bookkeeping shouldn’t start with chasing receipts. ChaseDesk automates follow-ups so your focus remains on closing books, not chasing down client responses.",,,,,,,,,
2026-06-01,2026-06-02,0,2026-06-02 09:02 IST,2026-06-02T03:32:00Z,scheduled,before_after_workflow,Before / after workflow,two_part,solo_bookkeeper,month_end_blocked,,workflow_contrast,124,True,False,0,openai,pf_004,,9326940,https://typefully.com/t/qEwKFAM,,,"Before ChaseDesk:\nManual receipt requests, inbox overload.\n\nAfter ChaseDesk:\nAutomated chases, hours back to focus on books.",,,,,,,,,
2026-06-01,2026-06-02,1,2026-06-02 13:32 IST,2026-06-02T08:02:00Z,scheduled,hidden_cost,Hidden cost of chasing,micro_story,firm_owner_2_20_staff,monday_email_queue,,hidden_cost,195,True,False,0,openai,pf_004,,9326941,https://typefully.com/t/XCMmvUD,,,"As the week kicks off, you're knee-deep in 19 receipt reminders. It may seem small, but it's the quiet cost of your time and team focus. With ChaseDesk, start more Mondays with books, not chases.",,,,,,,,,
2026-06-01,2026-06-02,2,2026-06-02 20:21 IST,2026-06-02T14:51:00Z,scheduled,no_login_link,No-login upload link,two_part,firm_owner_2_20_staff,shoebox_receipts,,client_simplicity,132,True,False,0,openai,pf_002;pf_003;pf_004,,9326942,https://typefully.com/t/eMDgdrF,,,"Shoebox receipts are the bane of month-end.\n\nWith ChaseDesk, clients upload with one link, freeing you for the books, not the chase.",,,,,,,,,
2026-06-02,2026-06-03,0,2026-06-03 11:28 IST,2026-06-03T05:58:00Z,scheduled,founder_discovery,Founder / discovery observation,micro_story,solo_bookkeeper,client_says_just_estimate,,founder_pov,178,True,False,0,openai,pf_003;pf_004,,9340383,https://typefully.com/t/fBsYV7d,,,"The client laughs off your request for that important receipt. ""Just use last month's,"" they say. The reality? It's your time on the line. ChaseDesk quietly takes over the chase.",,,,,,,,,
2026-06-02,2026-06-03,1,2026-06-03 15:02 IST,2026-06-03T09:32:00Z,scheduled,no_login_link,No-login upload link,one_liner,firm_owner_2_20_staff,shoebox_receipts,,friction,128,True,False,0,openai,pf_002;pf_004,,9340385,https://typefully.com/t/nDgU11b,,,"Clients say 'later' with receipts; we say: no app, no password, just a link. ChaseDesk means less chasing, more closing for you.",,,,,,,,,
2026-06-02,2026-06-03,2,2026-06-03 18:45 IST,2026-06-03T13:15:00Z,scheduled,pain_led_story,Pain-led story,one_liner,firm_owner_2_20_staff,chasing_is_invisible_work,,operational_pain,101,True,False,0,openai,,,9340388,https://typefully.com/t/6lweK6J,,,The real bottleneck in closing books isn't the accounting; it's the days lost chasing after receipts.,,,,,,,,,
2026-06-03,2026-06-04,0,2026-06-04 11:55 IST,2026-06-04T06:25:00Z,scheduled,identity_reframe,Identity reframe,two_part,firm_owner_2_20_staff,fifth_followup_email,,emotional_pain,159,True,False,0,openai,pf_002,,9355742,https://typefully.com/t/Sbb1HFj,,,"Every month-end: clients avoiding receipts like the plague.\n\nNo app, no password, just one link for uploads. ChaseDesk simplifies their task and your workflow.",,,,,,,,,
2026-06-03,2026-06-04,1,2026-06-04 15:02 IST,2026-06-04T09:32:00Z,scheduled,no_login_link,No-login upload link,one_liner,solo_bookkeeper,receipts_scattered_everywhere,,friction,125,True,False,0,openai,pf_002;pf_003;pf_004,,9355748,https://typefully.com/t/ztptDdz,,,"Chasing missing receipts across client channels isn't bookkeeping. ChaseDesk helps you say: no app, no password, just a link.",,,,,,,,,
2026-06-03,2026-06-04,2,2026-06-04 20:32 IST,2026-06-04T15:02:00Z,review_queue,category_contrast,Category contrast,two_part,firm_owner_2_20_staff,month_end_blocked,hubdoc,category_contrast,128,True,True,0,openai,pf_004,,,,,,"Most tools sit back until receipts arrive. We act sooner.\n\nChaseDesk chases down missing receipts, so books close without delay.",,,,,,,,,
2026-06-04,2026-06-05,0,2026-06-05 10:52 IST,2026-06-05T05:22:00Z,scheduled,no_login_link,No-login upload link,two_part,solo_bookkeeper,receipts_scattered_everywhere,,friction,135,True,False,0,openai,pf_002,,9367861,https://typefully.com/t/xUWFhgo,,,"Receipts lost in emails, texts, and Dropbox.\n\nClients just want one link, no app. ChaseDesk provides it, so you focus on closing books.",,,,,,,,,
2026-06-04,2026-06-05,1,2026-06-05 16:17 IST,2026-06-05T10:47:00Z,review_queue,soft_waitlist_cta,Soft waitlist CTA,micro_story,solo_bookkeeper,firm_at_capacity,,soft_cta,155,True,True,0,openai,pf_004,,,,,,"Receipt chasing: the silent cap on growth. If this scene sounds familiar, we're opening up ChaseDesk to help you gain hours back. Bookkeeping, not chasing.",,,,,,,,,
2026-06-04,2026-06-05,2,2026-06-05 19:50 IST,2026-06-05T14:20:00Z,scheduled,before_after_workflow,Before / after workflow,list_contrast,solo_bookkeeper,junior_chasing_chain,,workflow_contrast,121,True,False,0,openai,pf_002,,9367862,https://typefully.com/t/qcLZ6fC,,,"Before ChaseDesk:\nEndless receipt hunts, client excuses.\n\nAfter ChaseDesk:\nClients upload with one link, stress declines.",,,,,,,,,
2026-06-05,2026-06-06,0,2026-06-06 10:30 IST,2026-06-06T05:00:00Z,scheduled,identity_reframe,Identity reframe,one_liner,solo_bookkeeper,sunday_night_catchup,,role_reframe,123,True,False,0,openai,pf_004,,9382376,https://typefully.com/t/OmxVbzj,,,"Instead of spending evenings chasing receipts, let ChaseDesk do it automatically. Focus on what matters: closing the books.",,,,,,,,,
2026-06-05,2026-06-06,1,2026-06-06 14:55 IST,2026-06-06T09:25:00Z,scheduled,before_after_workflow,Before / after workflow,two_part,practice_ops,monday_email_queue,,workflow_contrast,140,True,False,0,openai,pf_004,,9382379,https://typefully.com/t/DdIRdqw,,,"Before ChaseDesk:\nManual reminders, emails pile up, weekends vanish.\n\nAfter ChaseDesk:\nAutomatic chases reclaim your weekends for real work.",,,,,,,,,
2026-06-05,2026-06-06,2,2026-06-06 18:43 IST,2026-06-06T13:13:00Z,scheduled,product_mechanic,Product mechanic,two_part,solo_bookkeeper,wrong_document_uploaded,,mechanic,147,True,False,0,openai,pf_003;pf_004,,9382382,https://typefully.com/t/tx4Nmtn,,,Client sends a bank statement instead of a receipt? Been there.\n\nChaseDesk detects missing receipts and only stops chasing once the right doc's in.,,,,,,,,,
2026-06-06,2026-06-07,0,2026-06-07 09:46 IST,2026-06-07T04:16:00Z,scheduled,hidden_cost,Hidden cost of chasing,one_liner,solo_bookkeeper,bookkeeper_not_debt_collector,,hidden_cost,84,True,False,0,openai,,,9394755,https://typefully.com/t/MfVXXFR,,,Receipt chasing isn't just admin—it's hours lost that could be spent on new clients.,,,,,,,,,
2026-06-06,2026-06-07,1,2026-06-07 15:28 IST,2026-06-07T09:58:00Z,scheduled,identity_reframe,Identity reframe,two_part,solo_bookkeeper,monday_email_queue,,emotional_pain,126,True,False,0,openai,pf_001;pf_003,,9394756,https://typefully.com/t/AwEX8VW,,,"On a Monday, do you want to chase receipts or close books?\n\nChaseDesk connects to Xero and moves the needle on what's missing.",,,,,,,,,
2026-06-06,2026-06-07,2,2026-06-07 20:07 IST,2026-06-07T14:37:00Z,review_queue,soft_waitlist_cta,Soft waitlist CTA,micro_story,firm_owner_2_20_staff,firm_at_capacity,,soft_cta,191,True,True,0,openai,pf_004;pf_007,,,,,,The day starts with your team chasing receipts instead of closing books. It's the quiet cost of growth. ChaseDesk is welcoming Xero firms still stuck in the manual chase to join our waitlist.,,,,,,,,,
2026-06-07,2026-06-08,0,2026-06-08 10:56 IST,2026-06-08T05:26:00Z,scheduled,before_after_workflow,Before / after workflow,two_part,practice_ops,monday_email_queue,,workflow_contrast,126,True,False,0,openai,pf_004,,9405661,https://typefully.com/t/OI1D91S,,,"Before ChaseDesk:\nManual follow-ups, inbox chaos, weekend admin.\n\nAfter ChaseDesk:\nReceipts auto-chased, weekends back to you.",,,,,,,,,
2026-06-07,2026-06-08,1,2026-06-08 16:08 IST,2026-06-08T10:38:00Z,scheduled,pain_led_story,Pain-led story,two_part,solo_bookkeeper,vat_deadline_missing_invoices,,operational_pain,132,True,False,0,openai,pf_007,,9405662,https://typefully.com/t/6AoZqQW,,,"Every VAT deadline finds you chasing supplier invoices instead of closing books.\n\nWith ChaseDesk, focus on the close, not the chase.",,,,,,,,,
2026-06-07,2026-06-08,2,2026-06-08 20:50 IST,2026-06-08T15:20:00Z,scheduled,identity_reframe,Identity reframe,one_liner,firm_owner_2_20_staff,shoebox_receipts,,emotional_pain,116,True,False,0,openai,pf_002;pf_006,,9405663,https://typefully.com/t/vzxVaoF,,,Shoeboxes aren’t systems; they're bottlenecks. ChaseDesk’s no-login link turns client chaos into streamlined closes.,,,,,,,,,
2026-06-08,2026-06-09,0,2026-06-09 10:03 IST,2026-06-09T04:33:00Z,scheduled,pain_led_story,Pain-led story,one_liner,firm_owner_2_20_staff,close_waiting_three_weeks,,time_pain,101,True,False,0,openai,,,9419224,https://typefully.com/t/fhbvKuc,,,The crawl to close isn't in the numbers—it's the constant nudge for receipts that holds you in limbo.,,,,,,,,,
2026-06-08,2026-06-09,1,2026-06-09 15:25 IST,2026-06-09T09:55:00Z,scheduled,identity_reframe,Identity reframe,one_liner,solo_bookkeeper,same_reminder_eleven_times,,role_reframe,61,True,False,0,openai,,,9419225,https://typefully.com/t/mXhD8NI,,,"Bookkeeping or chasing? You trained for books, not reminders.",,,,,,,,,
2026-06-08,2026-06-09,2,2026-06-09 19:07 IST,2026-06-09T13:37:00Z,scheduled,before_after_workflow,Before / after workflow,two_part,firm_owner_2_20_staff,new_client_paperwork_mess,,workflow_contrast,158,True,False,0,openai,pf_004,,9419226,https://typefully.com/t/29NYkpd,,,"Before ChaseDesk:\nInbox overload, chasing receipts, weekends lost to admin.\n\nAfter ChaseDesk:\nAutomated follow-ups, weekends return, focus sharpens on growth.",,,,,,,,,
2026-06-09,2026-06-10,0,2026-06-10 09:58 IST,2026-06-10T04:28:00Z,scheduled,identity_reframe,Identity reframe,two_part,firm_owner_2_20_staff,bookkeeper_not_debt_collector,,role_reframe,115,True,False,0,openai,pf_004,,9434273,https://typefully.com/t/vccrZPF,,,"Trained for bookkeeping, stuck in receipt follow-ups.\n\nChaseDesk lets you reclaim your focus for closing the books.",,,,,,,,,
2026-06-09,2026-06-10,1,2026-06-10 15:53 IST,2026-06-10T10:23:00Z,scheduled,no_login_link,No-login upload link,two_part,practice_ops,blurry_whatsapp_photo,,friction,166,True,False,0,openai,pf_006,,9434274,https://typefully.com/t/8ZBezWH,,,"Ever sift through emails for that one missing receipt?\n\nChaseDesk shows which clients are blocking the month-end close, all in one clear dashboard. No more guesswork.",,,,,,,,,
2026-06-09,2026-06-10,2,2026-06-10 20:19 IST,2026-06-10T14:49:00Z,scheduled,product_mechanic,Product mechanic,micro_story,firm_owner_2_20_staff,dashboard_who_is_blocking,,mechanic,182,True,False,0,openai,pf_002;pf_005,,9434276,https://typefully.com/t/xQDq0Dm,,,"Before ChaseDesk: opening emails, sifting through portals. After? Clients use a simple upload link—no app, no password. You get clean entries back in Xero seamlessly. Simple as that.",,,,,,,,,
2026-06-10,2026-06-11,0,2026-06-11 11:04 IST,2026-06-11T05:34:00Z,scheduled,pain_led_story,Pain-led story,one_liner,firm_owner_2_20_staff,year_end_ghosting,,operational_pain,106,True,False,0,openai,,,9449080,https://typefully.com/t/RXWrk6f,,,Month-end isn't stalled by calculations; it's the receipts waiting in inbox limbo that hold up your close.,,,,,,,,,
2026-06-10,2026-06-11,1,2026-06-11 14:04 IST,2026-06-11T08:34:00Z,scheduled,founder_discovery,Founder / discovery observation,two_part,solo_bookkeeper,no_one_wants_another_portal,,discovery,115,True,False,0,openai,,,9449081,https://typefully.com/t/SqaIP8z,,,"Talked to more Xero bookkeepers—it's evident:\n\nThe chase for receipts is the hidden time sink, not the ledger work.",,,,,,,,,
2026-06-10,2026-06-11,2,2026-06-11 17:19 IST,2026-06-11T11:49:00Z,scheduled,identity_reframe,Identity reframe,two_part,firm_owner_2_20_staff,sunday_night_catchup,,emotional_pain,108,True,False,0,openai,pf_003;pf_004,,9449086,https://typefully.com/t/O3zn5gq,,,"Inbox chaos, receipt reminders, weekends gone.\n\nChaseDesk automates the chase so you get your weekends back.",,,,,,,,,
2026-06-11,2026-06-12,0,2026-06-12 10:49 IST,2026-06-12T05:19:00Z,scheduled,pain_led_story,Pain-led story,two_part,practice_ops,new_client_paperwork_mess,,emotional_pain,109,True,False,0,openai,,,9463491,https://typefully.com/t/ZQtlzPs,,,Your Monday morning: buried under old follow-ups and new excuses.\n\nIs this the bookkeeping you signed up for?,,,,,,,,,
2026-06-11,2026-06-12,1,2026-06-12 15:02 IST,2026-06-12T09:32:00Z,scheduled,before_after_workflow,Before / after workflow,two_part,practice_ops,firm_at_capacity,,workflow_contrast,149,True,False,0,openai,pf_002;pf_004,,9463492,https://typefully.com/t/Oo8lVr0,,,"Before ChaseDesk: Spend hours emailing clients, juggling apps just to get receipts.\n\nAfter ChaseDesk: One no-login link and the receipts come to you.",,,,,,,,,
2026-06-11,2026-06-12,2,2026-06-12 21:00 IST,2026-06-12T15:30:00Z,scheduled,no_login_link,No-login upload link,one_liner,firm_owner_2_20_staff,shoebox_receipts,,friction,124,True,False,0,openai,pf_002,,9463493,https://typefully.com/t/Virfj4n,,,"Receipts aren't in your books because they're still in client gloveboxes. ChaseDesk’s link means less chasing, more closing.",,,,,,,,,
2026-06-12,2026-06-13,0,2026-06-13 10:21 IST,2026-06-13T04:51:00Z,scheduled,no_login_link,No-login upload link,one_liner,firm_owner_2_20_staff,dashboard_who_is_blocking,,client_simplicity,128,True,False,0,openai,pf_002;pf_004,,9477579,https://typefully.com/t/xdZr9Z9,,,"Skip the inbox overload. With ChaseDesk, clients upload receipts via one simple link. Less chasing, more focus on closing books.",,,,,,,,,
2026-06-12,2026-06-13,1,2026-06-13 14:42 IST,2026-06-13T09:12:00Z,scheduled,pain_led_story,Pain-led story,two_part,practice_ops,month_end_blocked,,time_pain,156,True,False,0,openai,,,9477582,https://typefully.com/t/QQPwV4J,,,"Your focus should be on closing the books, not chasing paper trails.\n\nRemember, the real work isn't just accounting; it's the invisible hustle for receipts.",,,,,,,,,
2026-06-12,2026-06-13,2,2026-06-13 19:04 IST,2026-06-13T13:34:00Z,scheduled,product_mechanic,Product mechanic,two_part,practice_ops,month_end_blocked,,mechanic,150,True,False,0,openai,pf_003,,9477584,https://typefully.com/t/Xyhm5KD,,,"Month-end close: not about crunching numbers, but chasing paperwork.\n\nChaseDesk auto-detects missing receipts, so you can focus on what really counts.",,,,,,,,,
2026-06-13,2026-06-14,0,2026-06-14 09:02 IST,2026-06-14T03:32:00Z,scheduled,hidden_cost,Hidden cost of chasing,one_liner,practice_ops,chasing_is_invisible_work,,capacity,93,True,False,0,openai,,,9490528,https://typefully.com/t/C9xDMak,,,Chasing receipts isn't just admin—it's the silent thief of your team's capacity at month-end.,,,,,,,,,
2026-06-13,2026-06-14,1,2026-06-14 12:54 IST,2026-06-14T07:24:00Z,scheduled,before_after_workflow,Before / after workflow,two_part,firm_owner_2_20_staff,junior_chasing_chain,,workflow_contrast,107,True,False,0,openai,pf_004,,9490529,https://typefully.com/t/MHl9x65,,,"Before ChaseDesk:\nEndless email chains, lost weekends.\n\nAfter ChaseDesk:\nReceipts autopilot, weekends back.",,,,,,,,,
2026-06-13,2026-06-14,2,2026-06-14 19:30 IST,2026-06-14T14:00:00Z,scheduled,pain_led_story,Pain-led story,two_part,solo_bookkeeper,client_says_just_estimate,,operational_pain,125,True,False,0,openai,,,9490531,https://typefully.com/t/dRlNxy9,,,"""Just use last month's receipt,"" they say, as if that's bookkeeping.\n\nManual chases are the real time drain, not your skills.",,,,,,,,,
2026-06-14,2026-06-15,0,2026-06-15 10:54 IST,2026-06-15T05:24:00Z,scheduled,pain_led_story,Pain-led story,one_liner,practice_ops,fifth_followup_email,,operational_pain,95,True,False,0,openai,,,9500970,https://typefully.com/t/UWAjraJ,,,Bookkeeping isn't hard; it's the invisible grind of chasing receipts that derails the schedule.,,,,,,,,,
2026-06-14,2026-06-15,1,2026-06-15 15:00 IST,2026-06-15T09:30:00Z,scheduled,founder_discovery,Founder / discovery observation,one_liner,practice_ops,junior_chasing_chain,,founder_pov,101,True,False,0,openai,,,9500971,https://typefully.com/t/vCw04Fo,,,"""Month-end isn't held up by account reconciliations—it's the client follow-ups that steal the hours.""",,,,,,,,,
2026-06-14,2026-06-15,2,2026-06-15 19:51 IST,2026-06-15T14:21:00Z,scheduled,before_after_workflow,Before / after workflow,list_contrast,solo_bookkeeper,chasing_is_invisible_work,,workflow_contrast,134,True,False,0,openai,pf_002,,9500973,https://typefully.com/t/xIWHx9l,,,Before ChaseDesk: Days lost to emails and manual follow-ups.\n\nAfter ChaseDesk: Clients upload through one simple link—no more chasing.,,,,,,,,,
2026-06-15,2026-06-16,0,2026-06-16 10:22 IST,2026-06-16T04:52:00Z,scheduled,hidden_cost,Hidden cost of chasing,one_liner,solo_bookkeeper,firm_at_capacity,,capacity,70,True,False,0,openai,,,9514836,https://typefully.com/t/IKYUAXW,,,Admin tasks look small until chasing receipts caps your firm's growth.,,,,,,,,,
2026-06-15,2026-06-16,1,2026-06-16 13:33 IST,2026-06-16T08:03:00Z,scheduled,customer_question,Customer discovery question,question_poll,firm_owner_2_20_staff,month_end_blocked,,question,145,True,False,0,openai,,,9514837,https://typefully.com/t/ZlVT7m2,,,Xero bookkeepers — what's your biggest month-end hurdle?\n\n1. Missing receipts\n2. Client follow-ups\n3. Categorization delays\n4. Communication gaps,,,,,,,,,
2026-06-15,2026-06-16,2,2026-06-16 21:00 IST,2026-06-16T15:30:00Z,scheduled,founder_discovery,Founder / discovery observation,micro_story,solo_bookkeeper,receipts_scattered_everywhere,,discovery,196,True,False,0,openai,pf_001;pf_004,,9514838,https://typefully.com/t/tHiZKK3,,,"Receipts in clients' inboxes, but not in Xero? That's the reality. It’s the client follow-ups that stretch your workload, not the numbers. With ChaseDesk, the chase turns into automated precision.",,,,,,,,,
2026-06-16,2026-06-17,0,2026-06-17 09:59 IST,2026-06-17T04:29:00Z,scheduled,no_login_link,No-login upload link,one_liner,firm_owner_2_20_staff,no_one_wants_another_portal,,client_simplicity,89,True,False,0,openai,pf_002,,9529964,https://typefully.com/t/WkgJHGB,,,Clients dread portals for receipts. ChaseDesk's no-login link makes it one click instead.,,,,,,,,,
2026-06-16,2026-06-17,1,2026-06-17 16:09 IST,2026-06-17T10:39:00Z,scheduled,hidden_cost,Hidden cost of chasing,one_liner,firm_owner_2_20_staff,chasing_is_invisible_work,,hidden_cost,108,True,False,0,openai,,,9529965,https://typefully.com/t/CpIHL5i,,,The real bottleneck at month-end? It's not the reconciliations—it's the invisible grind of chasing receipts.,,,,,,,,,
2026-06-16,2026-06-17,2,2026-06-17 20:05 IST,2026-06-17T14:35:00Z,review_queue,category_contrast,Category contrast,micro_story,solo_bookkeeper,no_one_wants_another_portal,,positioning,201,True,True,0,openai,pf_002,,,,,,"""Another portal?"" The client's face says it all. Portals are friction in disguise. ChaseDesk uses a no-login link—no app, no password. Less resistance, more receipts. That's how you close books faster.",,,,,,,,,
2026-06-17,2026-06-18,0,2026-06-18 10:42 IST,2026-06-18T05:12:00Z,scheduled,hidden_cost,Hidden cost of chasing,micro_story,solo_bookkeeper,chasing_is_invisible_work,,hidden_cost,119,True,False,0,openai,,,9544447,https://typefully.com/t/aQBJgT3,,,"Every month, the plan seems simple: close on time. But chasing receipts eats away days unnoticed, delaying every close.",,,,,,,,,
2026-06-17,2026-06-18,1,2026-06-18 16:50 IST,2026-06-18T11:20:00Z,scheduled,founder_discovery,Founder / discovery observation,two_part,practice_ops,wrong_document_uploaded,,discovery,153,True,False,1,openai,,,9544448,https://typefully.com/t/eaYlZSq,,,The client finally sends something. Success?\n\nNope. It's last year's invoice. The follow-up loop just got longer. Welcome to the real month-end struggle.,,,,,,,,,
2026-06-17,2026-06-18,2,2026-06-18 20:30 IST,2026-06-18T15:00:00Z,scheduled,pain_led_story,Pain-led story,one_liner,firm_owner_2_20_staff,sunday_night_catchup,,time_pain,78,True,False,0,openai,,,9544449,https://typefully.com/t/F3cybnT,,,Manual chasing of receipts isn’t a bookkeeping skill; it’s your weekend thief.,,,,,,,,,
2026-06-18,2026-06-19,0,2026-06-19 09:13 IST,2026-06-19T03:43:00Z,scheduled,pain_led_story,Pain-led story,micro_story,practice_ops,vat_deadline_missing_invoices,,time_pain,158,True,False,0,openai,,,9557250,https://typefully.com/t/BKKJywG,,,"You planned for clean books, not frantic searches. Yet here you are, hunting down receipts when you should be closing. It's the grind you never signed up for.",,,,,,,,,
2026-06-18,2026-06-19,1,2026-06-19 12:21 IST,2026-06-19T06:51:00Z,scheduled,founder_discovery,Founder / discovery observation,two_part,firm_owner_2_20_staff,monday_email_queue,,founder_pov,121,True,False,0,openai,,,9557252,https://typefully.com/t/4lAtcKU,,,"The more bookkeepers we talk to, the clearer it gets: \n\nClient follow-ups, not accounting, sidetrack the month-end close.",,,,,,,,,
2026-06-18,2026-06-19,2,2026-06-19 18:03 IST,2026-06-19T12:33:00Z,scheduled,identity_reframe,Identity reframe,one_liner,solo_bookkeeper,monday_email_queue,,emotional_pain,118,True,False,0,openai,pf_004,,9557253,https://typefully.com/t/qZEkBXi,,,Monday morning shouldn't start with 19 reminder emails. ChaseDesk automates the follow-up so you can focus on closing.,,,,,,,,,
2026-06-19,2026-06-20,0,2026-06-20 13:35 IST,2026-06-20T08:05:00Z,scheduled,before_after_workflow,Before / after workflow,list_contrast,practice_ops,same_reminder_eleven_times,,workflow_contrast,147,True,False,0,openai,pf_004;pf_005,,9570821,https://typefully.com/t/i3aaoHp,,,"Before ChaseDesk: Inbox full, weekends lost, follow-up loops.\n\nAfter ChaseDesk: Receipts automatically chased, weekends saved, books closed faster.",,,,,,,,,
2026-06-19,2026-06-20,1,2026-06-20 17:35 IST,2026-06-20T12:05:00Z,scheduled,founder_discovery,Founder / discovery observation,micro_story,firm_owner_2_20_staff,close_waiting_three_weeks,,founder_pov,188,True,False,0,openai,pf_004,,9570822,https://typefully.com/t/nq31hFc,,,"Talked to more Xero bookkeepers: it's not just about balancing accounts. Every month, it's the waiting game with clients. ChaseDesk quietly handles the chase, so you're not stuck in limbo.",,,,,,,,,
2026-06-19,2026-06-20,2,2026-06-20 20:53 IST,2026-06-20T15:23:00Z,scheduled,pain_led_story,Pain-led story,micro_story,solo_bookkeeper,receipts_scattered_everywhere,,operational_pain,125,True,False,0,openai,,,9570823,https://typefully.com/t/ZXK3I8h,,,"Your client sends receipts from three different apps. Sound familiar? Collecting them stalls your close, one email at a time.",,,,,,,,,
2026-06-20,2026-06-21,0,2026-06-21 10:33 IST,2026-06-21T05:03:00Z,scheduled,pain_led_story,Pain-led story,micro_story,practice_ops,blurry_whatsapp_photo,,operational_pain,141,True,False,0,openai,,,9581360,https://typefully.com/t/GcqR6IN,,,"Your client sent a blurry photo of a crumpled receipt. When ""received"" feels more like a starting point than a victory, the chase isn't over.",,,,,,,,,
2026-06-20,2026-06-21,1,2026-06-21 14:27 IST,2026-06-21T08:57:00Z,scheduled,identity_reframe,Identity reframe,two_part,solo_bookkeeper,bookkeeper_not_debt_collector,,emotional_pain,125,True,False,0,openai,pf_004,,9581361,https://typefully.com/t/HpaF2MD,,,"Client follow-ups eat your afternoons—time you can’t get back.\n\nWith ChaseDesk, automate the chase and reclaim your evenings.",,,,,,,,,
2026-06-20,2026-06-21,2,2026-06-21 18:15 IST,2026-06-21T12:45:00Z,review_queue,category_contrast,Category contrast,micro_story,practice_ops,close_waiting_three_weeks,karbon,positioning,172,True,True,0,openai,pf_006,,,,,,"""We'll close once you send the rest,"" you said 3 weeks ago. But the receipts are still MIA. Enter ChaseDesk—see who's blocking the close today with just one dashboard view.",,,,,,,,,
2026-06-21,2026-06-22,0,2026-06-22 10:25 IST,2026-06-22T04:55:00Z,scheduled,identity_reframe,Identity reframe,two_part,solo_bookkeeper,same_reminder_eleven_times,,role_reframe,108,True,False,0,openai,pf_002;pf_004,,9590620,https://typefully.com/t/BqX3m3C,,,"Your expertise is in the numbers, not in client chasing.\n\nWith ChaseDesk, receipts arrive without the grind.",,,,,,,,,
2026-06-21,2026-06-22,1,2026-06-22 15:19 IST,2026-06-22T09:49:00Z,scheduled,product_mechanic,Product mechanic,micro_story,practice_ops,month_end_blocked,,mechanic,190,True,False,0,openai,pf_002,,9590621,https://typefully.com/t/69UwxGg,,,"End of month, numbers ready to close, yet 27 transactions hang in limbo.\n\nChaseDesk's no-login link lets clients send receipts without a hitch. The focus shifts back to closing, not chasing.",,,,,,,,,
2026-06-21,2026-06-22,2,2026-06-22 18:46 IST,2026-06-22T13:16:00Z,review_queue,category_contrast,Category contrast,one_liner,practice_ops,no_one_wants_another_portal,ezzybills,category_contrast,130,True,True,0,openai,pf_003;pf_004,,,,,,"Most receipt tools start after the receipt arrives. With ChaseDesk, the chase begins before, ensuring clients send what's missing.",,,,,,,,,
2026-06-22,2026-06-23,0,2026-06-23 09:29 IST,2026-06-23T03:59:00Z,scheduled,before_after_workflow,Before / after workflow,two_part,firm_owner_2_20_staff,new_client_paperwork_mess,,workflow_contrast,155,True,False,0,openai,pf_003;pf_004,,9602713,https://typefully.com/t/YgQEJOL,,,"Before ChaseDesk: Onslaught of emails, cross-checking bank transactions with receipts.\n\nAfter ChaseDesk: Autopilot finds what's missing and chases it down.",,,,,,,,,
2026-06-22,2026-06-23,1,2026-06-23 16:07 IST,2026-06-23T10:37:00Z,scheduled,founder_discovery,Founder / discovery observation,micro_story,solo_bookkeeper,year_end_ghosting,,founder_pov,180,True,False,0,openai,pf_004;pf_007,,9602714,https://typefully.com/t/RvlLlZV,,,"Talked to more Xero bookkeepers: it's always the same. You're ready to close, but clients haven't sent their receipts. ChaseDesk handles the follow-ups so you can handle the books.",,,,,,,,,
2026-06-22,2026-06-23,2,2026-06-23 19:47 IST,2026-06-23T14:17:00Z,review_queue,category_contrast,Category contrast,micro_story,practice_ops,receipts_scattered_everywhere,,category_contrast,174,True,True,0,openai,pf_006;pf_007,,,,,,"Receipts scattered across emails, Dropbox, text messages—sound familiar? Most tools wait for these to arrive, but ChaseDesk gets them in the door so you can focus on closing.",,,,,,,,,
2026-06-23,2026-06-24,0,2026-06-24 10:49 IST,2026-06-24T05:19:00Z,scheduled,founder_discovery,Founder / discovery observation,one_liner,practice_ops,receipts_scattered_everywhere,,discovery,121,True,False,0,openai,pf_003,,9615781,https://typefully.com/t/vcmFc99,,,"Receipts are the real chase. With ChaseDesk auto-detecting what's missing, the focus shifts back to closing, not chasing.",,,,,,,,,
2026-06-23,2026-06-24,1,2026-06-24 15:09 IST,2026-06-24T09:39:00Z,scheduled,pain_led_story,Pain-led story,micro_story,practice_ops,shoebox_receipts,,operational_pain,203,True,False,0,openai,pf_004;pf_002,,9615783,https://typefully.com/t/TwrPELk,,,"Receipts stuck in a client's glovebox while your team juggles month-end? You've planned for clean books, not endless chases. In the quiet, ChaseDesk quietly nudges clients, freeing your focus on closing.",,,,,,,,,
2026-06-23,2026-06-24,2,2026-06-24 20:58 IST,2026-06-24T15:28:00Z,scheduled,before_after_workflow,Before / after workflow,list_contrast,practice_ops,dashboard_who_is_blocking,,workflow_contrast,160,True,False,0,openai,pf_003;pf_004;pf_006,,9615785,https://typefully.com/t/BrTdnBB,,,"Before ChaseDesk: Manual chases, inbox clutter, schedule slips.\n\nAfter ChaseDesk: Detect missing receipts, focused client nudges, clear path to month-end close.",,,,,,,,,
2026-06-24,2026-06-25,0,2026-06-25 09:16 IST,2026-06-25T03:46:00Z,scheduled,no_login_link,No-login upload link,two_part,firm_owner_2_20_staff,dashboard_who_is_blocking,,client_simplicity,145,True,False,0,openai,pf_002;pf_004,,9629387,https://typefully.com/t/QRn8KpE,,,"Your client doesn't want reminders clogging their inbox.\n\nThey want a link—click, upload, done. ChaseDesk makes it happen, so you're not chasing.",,,,,,,,,
2026-06-24,2026-06-25,1,2026-06-25 12:28 IST,2026-06-25T06:58:00Z,scheduled,hidden_cost,Hidden cost of chasing,one_liner,practice_ops,close_waiting_three_weeks,,capacity,111,True,False,0,openai,pf_004;pf_007,,9629390,https://typefully.com/t/lSLVkyn,,,"Your job is closing books, not chasing last year’s receipts. With ChaseDesk, receipts arrive without the grind.",,,,,,,,,
2026-06-24,2026-06-25,2,2026-06-25 19:36 IST,2026-06-25T14:06:00Z,scheduled,before_after_workflow,Before / after workflow,two_part,firm_owner_2_20_staff,monday_email_queue,,workflow_contrast,136,True,False,0,openai,pf_004,,9629392,https://typefully.com/t/X9vpwmF,,,Before ChaseDesk:\nMonday morning scramble to send follow-up emails.\n\nAfter ChaseDesk:\nStart the week with receipts already on their way.,,,,,,,,,
2026-06-25,2026-06-26,0,2026-06-26 10:36 IST,2026-06-26T05:06:00Z,scheduled,before_after_workflow,Before / after workflow,list_contrast,solo_bookkeeper,junior_chasing_chain,,workflow_contrast,124,True,False,0,openai,pf_004,,9642672,https://typefully.com/t/7eMsvkf,,,"Before ChaseDesk:\nInbox flooded with repeated follow-ups.\n\nAfter ChaseDesk:\nReceipts auto-chased, inbox cleared for closing.",,,,,,,,,
2026-06-25,2026-06-26,1,2026-06-26 14:16 IST,2026-06-26T08:46:00Z,scheduled,founder_discovery,Founder / discovery observation,two_part,solo_bookkeeper,fifth_followup_email,,discovery,180,True,False,0,openai,pf_002;pf_007,,9642673,https://typefully.com/t/Sy8syJA,,,"Every Xero bookkeeper knows: it's not the accounting holding you back.\n\nIt's chasing the paper trail. With ChaseDesk's no-login link, clients send what you need without the hassle.",,,,,,,,,
2026-06-25,2026-06-26,2,2026-06-26 20:14 IST,2026-06-26T14:44:00Z,review_queue,category_contrast,Category contrast,micro_story,firm_owner_2_20_staff,close_waiting_three_weeks,,category_contrast,185,True,True,0,openai,pf_004;pf_006,,,,,,"Receipt tools often start after documents arrive. But the real issue is getting that receipt in the first place. ChaseDesk automates the ask, shifting your team from chasing to closing.",,,,,,,,,
2026-06-26,2026-06-27,0,2026-06-27 11:02 IST,2026-06-27T05:32:00Z,scheduled,hidden_cost,Hidden cost of chasing,two_part,practice_ops,firm_at_capacity,,business_cost,126,True,False,0,openai,pf_004;pf_005,,9656450,https://typefully.com/t/o38asbD,,,Receipt chasing feels invisible.\n\nBut it's the bottleneck quietly capping your firm's growth. ChaseDesk automates the process.,,,,,,,,,
2026-06-26,2026-06-27,1,2026-06-27 16:50 IST,2026-06-27T11:20:00Z,scheduled,pain_led_story,Pain-led story,one_liner,solo_bookkeeper,client_says_just_estimate,,time_pain,125,True,False,0,openai,pf_004,,9656451,https://typefully.com/t/MLpwEQe,,,"You're closing books, not chasing yesterday's papers. Let ChaseDesk automate the follow-ups, so your Sundays are yours again.",,,,,,,,,
2026-06-26,2026-06-27,2,2026-06-27 20:01 IST,2026-06-27T14:31:00Z,scheduled,no_login_link,No-login upload link,two_part,firm_owner_2_20_staff,receipts_scattered_everywhere,,client_simplicity,142,True,False,0,openai,pf_002,,9656452,https://typefully.com/t/O8k0UpY,,,"Clients dread multiple logins for uploading receipts.\n\nWith ChaseDesk, one link does it all—no passwords, no portals, just receipts delivered.",,,,,,,,,
2026-06-27,2026-06-28,0,2026-06-28 11:42 IST,2026-06-28T06:12:00Z,scheduled,founder_discovery,Founder / discovery observation,micro_story,solo_bookkeeper,no_one_wants_another_portal,,discovery,185,True,False,0,openai,,,9669446,https://typefully.com/t/0wujYtG,,,"Suggested a client portal for receipts today. The response? ""Just not another login, please."" Portals add friction the client never wants. It's about reducing barriers, not adding them.",,,,,,,,,
2026-06-27,2026-06-28,1,2026-06-28 15:37 IST,2026-06-28T10:07:00Z,scheduled,before_after_workflow,Before / after workflow,two_part,practice_ops,new_client_paperwork_mess,,workflow_contrast,160,True,False,0,openai,pf_006,,9669447,https://typefully.com/t/5GOpFcr,,,Before ChaseDesk: Start every month-end firefight with a paper chase.\n\nAfter ChaseDesk: See who’s blocking close. Spend less time chasing and more time closing.,,,,,,,,,
2026-06-27,2026-06-28,2,2026-06-28 18:47 IST,2026-06-28T13:17:00Z,scheduled,pain_led_story,Pain-led story,two_part,practice_ops,shoebox_receipts,,time_pain,112,True,False,0,openai,,,9669448,https://typefully.com/t/0pjcuHX,,,"Month-end arrives, but the receipts don't. \n\nThe real bottleneck isn’t the books—it’s waiting on what's missing.",,,,,,,,,
2026-06-28,2026-06-29,0,2026-06-29 09:06 IST,2026-06-29T03:36:00Z,scheduled,founder_discovery,Founder / discovery observation,two_part,practice_ops,chasing_is_invisible_work,,discovery,153,True,False,0,openai,,,9679950,https://typefully.com/t/ecZX0QA,,,"The more bookkeepers we talk to, the clearer it gets:\n\nMonth-end's real grind? Not the accounting—it's ensuring receipts aren't stuck out there in limbo.",,,,,,,,,
2026-06-28,2026-06-29,1,2026-06-29 15:47 IST,2026-06-29T10:17:00Z,review_queue,soft_waitlist_cta,Soft waitlist CTA,micro_story,practice_ops,firm_at_capacity,,soft_cta,195,True,True,0,openai,,,,,,,"The firm's growth stalls—not for lack of clients, but admin burdens. Chasing receipts caps your potential and fills your schedules. We're now opening access to firms still tackling this manually.",,,,,,,,,
2026-06-28,2026-06-29,2,2026-06-29 19:29 IST,2026-06-29T13:59:00Z,scheduled,before_after_workflow,Before / after workflow,two_part,practice_ops,firm_at_capacity,,workflow_contrast,133,True,False,0,openai,pf_004;pf_005,,9679951,https://typefully.com/t/Ozk3CD9,,,"Before ChaseDesk: Manual chases that wear you down.\n\nAfter ChaseDesk: Receipts sorted, less firefighting, more time to grow the firm.",,,,,,,,,
2026-06-29,2026-06-30,0,2026-06-30 10:28 IST,2026-06-30T04:58:00Z,scheduled,no_login_link,No-login upload link,two_part,practice_ops,new_client_paperwork_mess,,client_simplicity,130,True,False,0,openai,pf_002,,9692155,https://typefully.com/t/kVl4uYC,,,"Clients hate portals—they want quick and simple.\n\nChaseDesk gives them a link: click, upload, done. Meanwhile, you get hours back.",,,,,,,,,
2026-06-29,2026-06-30,1,2026-06-30 13:49 IST,2026-06-30T08:19:00Z,scheduled,before_after_workflow,Before / after workflow,two_part,firm_owner_2_20_staff,firm_at_capacity,,workflow_contrast,166,True,False,0,openai,pf_003;pf_004,,9692156,https://typefully.com/t/vsyJedK,,,"Before ChaseDesk: End-of-month madness. Chasing receipts eats your time and focus.\n\nAfter ChaseDesk: Auto-chase receipts, clear focus for the real work—closing books.",,,,,,,,,
2026-06-29,2026-06-30,2,2026-06-30 17:08 IST,2026-06-30T11:38:00Z,scheduled,pain_led_story,Pain-led story,micro_story,practice_ops,vat_deadline_missing_invoices,,operational_pain,137,True,False,0,openai,,,9692158,https://typefully.com/t/CY19nvj,,,"VAT deadline's this Friday, yet missing receipts keep piling up. This isn't accounting; it's a paper chase—and it's eating your schedule.",,,,,,,,,
2026-06-30,2026-07-01,0,2026-07-01 09:34 IST,2026-07-01T04:04:00Z,scheduled,pain_led_story,Pain-led story,one_liner,firm_owner_2_20_staff,wrong_document_uploaded,,operational_pain,95,True,False,0,openai,,,9706111,https://typefully.com/t/TopKHxg,,,"Month-end's real killer? Not the numbers—it's chasing receipts that clients ""promised to send.""",,,,,,,,,
2026-06-30,2026-07-01,1,2026-07-01 13:16 IST,2026-07-01T07:46:00Z,scheduled,product_mechanic,Product mechanic,micro_story,solo_bookkeeper,fifth_followup_email,,mechanic,210,True,False,0,openai,pf_004,,9706112,https://typefully.com/t/2lFQoDR,,,"You're drafting yet another follow-up email for missing receipts. A never-ending cycle that eats your time. Let ChaseDesk take over—auto-follows until receipts are in, then stops. Focus on closing, not chasing.",,,,,,,,,
2026-06-30,2026-07-01,2,2026-07-01 20:19 IST,2026-07-01T14:49:00Z,scheduled,identity_reframe,Identity reframe,one_liner,solo_bookkeeper,sunday_night_catchup,,identity,109,True,False,0,openai,pf_004;pf_007,,9706113,https://typefully.com/t/nH8M5kb,,,"Your expertise is in tidy books, not in wrangling receipts out of clients. Automate the chase with ChaseDesk.",,,,,,,,,
2026-07-01,2026-07-02,0,2026-07-02 09:49 IST,2026-07-02T04:19:00Z,scheduled,before_after_workflow,Before / after workflow,two_part,firm_owner_2_20_staff,month_end_blocked,,workflow_contrast,116,True,False,0,openai,pf_003;pf_004,,9721191,https://typefully.com/t/71cqjpy,,,"Before ChaseDesk: Scramble for receipts, inbox chaos.\n\nAfter ChaseDesk: Receipts auto-tracked, inbox peace restored.",,,,,,,,,
2026-07-01,2026-07-02,1,2026-07-02 16:59 IST,2026-07-02T11:29:00Z,scheduled,product_mechanic,Product mechanic,one_liner,practice_ops,wrong_document_uploaded,,product_explainer,92,True,False,0,openai,pf_006,,9721192,https://typefully.com/t/f0iqKId,,,"ChaseDesk shows you exactly which clients are blocking month-end close, no guesswork needed.",,,,,,,,,
2026-07-01,2026-07-02,2,2026-07-02 20:40 IST,2026-07-02T15:10:00Z,scheduled,customer_question,Customer discovery question,question_poll,practice_ops,monday_email_queue,,question,128,True,False,0,openai,,,9721193,https://typefully.com/t/IY1s2S6,,,What's your biggest bottleneck at month-end?\n1. Receipt chasing\n2. Client communication\n3. Transaction review\n4. Final reporting,,,,,,,,,
2026-07-02,2026-07-03,0,2026-07-03 10:22 IST,2026-07-03T04:52:00Z,scheduled,pain_led_story,Pain-led story,two_part,practice_ops,blurry_whatsapp_photo,,operational_pain,157,True,False,0,openai,,,9735032,https://typefully.com/t/WtTeZ2m,,,"That moment when a client finally replies—sending a crooked WhatsApp photo of a receipt, half missing.\n\nIt's not just chasing them; it's what they send back.",,,,,,,,,
2026-07-02,2026-07-03,1,2026-07-03 17:21 IST,2026-07-03T11:51:00Z,scheduled,founder_discovery,Founder / discovery observation,two_part,firm_owner_2_20_staff,bookkeeper_not_debt_collector,,discovery,143,True,False,0,openai,,,9735033,https://typefully.com/t/ONLsIOY,,,"The more bookkeepers we talk to, the clearer it becomes:\n\nClient responsiveness, not accounting, is the bottleneck that delays month-end close.",,,,,,,,,
2026-07-02,2026-07-03,2,2026-07-03 20:55 IST,2026-07-03T15:25:00Z,review_queue,category_contrast,Category contrast,one_liner,solo_bookkeeper,receipts_scattered_everywhere,autoentry,category_contrast,112,True,True,0,openai,pf_003;pf_004,competitor_mentioned,,,,,AutoEntry waits for documents; ChaseDesk solves the real bottleneck by getting receipts sent in the first place.,,,,,,,,,
2026-07-03,2026-07-04,0,2026-07-04 10:20 IST,2026-07-04T04:50:00Z,scheduled,before_after_workflow,Before / after workflow,list_contrast,firm_owner_2_20_staff,same_reminder_eleven_times,,workflow_contrast,169,True,False,0,openai,pf_004;pf_005;pf_006,,9749106,https://typefully.com/t/waEztwX,,,"Before ChaseDesk: Repeated follow-ups, manual receipt checks, wasted hours.\n\nAfter ChaseDesk: Autopilot receipt chasing, clear client tracking, hours back for real work.",,,,,,,,,
2026-07-03,2026-07-04,1,2026-07-04 15:16 IST,2026-07-04T09:46:00Z,scheduled,hidden_cost,Hidden cost of chasing,micro_story,firm_owner_2_20_staff,year_end_ghosting,,business_cost,161,True,False,0,openai,,,9749107,https://typefully.com/t/CEl7qRS,,,"It’s the end-of-year crunch. Three clients ghosting on missing receipts. Hours lost chasing instead of closing. The true cost? Capacity eaten, deadlines looming.",,,,,,,,,
2026-07-03,2026-07-04,2,2026-07-04 18:17 IST,2026-07-04T12:47:00Z,review_queue,category_contrast,Category contrast,two_part,solo_bookkeeper,no_one_wants_another_portal,,category_contrast,102,True,True,0,openai,,,,,,,Most receipt tools wait until the receipt arrives. \n\nChaseDesk starts the chase before it's even sent.,,,,,,,,,
2026-07-04,2026-07-05,0,2026-07-05 12:26 IST,2026-07-05T06:56:00Z,scheduled,founder_discovery,Founder / discovery observation,micro_story,practice_ops,monday_email_queue,,discovery,190,True,False,0,openai,,,9761967,https://typefully.com/t/BudCD4W,,,"Talked to more Xero bookkeepers: It's the same story every time. Monday morning starts not with numbers but with nudges to clients. The real bottleneck is waiting on receipts, not the books.",,,,,,,,,
2026-07-04,2026-07-05,1,2026-07-05 16:15 IST,2026-07-05T10:45:00Z,scheduled,hidden_cost,Hidden cost of chasing,two_part,solo_bookkeeper,monday_email_queue,,business_cost,182,True,False,0,openai,pf_004,,9761968,https://typefully.com/t/LmZttbs,,,"Chasing receipts seems small, right?\n\nIt's the hidden cost delaying your month-end close, eating up capacity, and turning weekdays into weekends. Let ChaseDesk handle the follow-ups.",,,,,,,,,
2026-07-04,2026-07-05,2,2026-07-05 20:40 IST,2026-07-05T15:10:00Z,scheduled,before_after_workflow,Before / after workflow,two_part,practice_ops,monday_email_queue,,workflow_contrast,148,True,False,0,openai,pf_003;pf_004,,9761969,https://typefully.com/t/cs2gZcS,,,"Before ChaseDesk: Client chasing cluttering the inbox, missing focus.\n\nAfter ChaseDesk: Auto-detects missing receipts, streamlining month-end close.",,,,,,,,,
2026-07-05,2026-07-06,0,2026-07-06 09:10 IST,2026-07-06T03:40:00Z,review_queue,category_contrast,Category contrast,two_part,practice_ops,close_waiting_three_weeks,,category_contrast,148,True,True,0,openai,pf_001;pf_003;pf_005,,,,,,"Most receipt tools begin after the client clicks ""send.""\n\nChaseDesk ensures they click it in the first place and guides the rest straight into Xero.",,,,,,,,,
2026-07-05,2026-07-06,1,2026-07-06 15:22 IST,2026-07-06T09:52:00Z,scheduled,hidden_cost,Hidden cost of chasing,micro_story,solo_bookkeeper,bookkeeper_not_debt_collector,,business_cost,150,True,False,0,openai,,,9772682,https://typefully.com/t/FRiPrFO,,,"Looks like a quick task—chasing a missing parking receipt. But hours slip away, client communication stalls, and your focus shifts from closing books.",,,,,,,,,
2026-07-05,2026-07-06,2,2026-07-06 18:30 IST,2026-07-06T13:00:00Z,scheduled,product_mechanic,Product mechanic,two_part,solo_bookkeeper,dashboard_who_is_blocking,,mechanic,128,True,False,0,openai,pf_004,,9772683,https://typefully.com/t/sRBl0LI,,,"Manual follow-ups eating your time?\n\nChaseDesk handles client reminders via email and SMS until receipts arrive, and then stops.",,,,,,,,,
2026-07-06,2026-07-07,0,2026-07-07 10:11 IST,2026-07-07T04:41:00Z,scheduled,pain_led_story,Pain-led story,one_liner,practice_ops,close_waiting_three_weeks,,time_pain,120,True,False,0,openai,,,9786552,https://typefully.com/t/VjLK9u7,,,"""We'll close the books once you send the rest""—said three weeks ago. The close is stuck in limbo, waiting on the client.",,,,,,,,,
2026-07-06,2026-07-07,1,2026-07-07 14:13 IST,2026-07-07T08:43:00Z,scheduled,founder_discovery,Founder / discovery observation,micro_story,practice_ops,junior_chasing_chain,,discovery,130,True,False,0,openai,,,9786556,https://typefully.com/t/lpN98QA,,,Chatted with a Xero firm: Junior hunts for receipts. Manager chases junior for updates. The real work? Stalled by endless chasing.,,,,,,,,,
2026-07-06,2026-07-07,2,2026-07-07 17:38 IST,2026-07-07T12:08:00Z,scheduled,hidden_cost,Hidden cost of chasing,two_part,firm_owner_2_20_staff,bookkeeper_not_debt_collector,,business_cost,174,True,False,0,openai,pf_004,,9786557,https://typefully.com/t/KByBnGB,,,"Looks like a tiny task—getting receipts sorted.\n\nBut each client nudge is time your team can't spend closing books. ChaseDesk automates those follow-ups, freeing up capacity.",,,,,,,,,
2026-07-07,2026-07-08,0,2026-07-08 09:06 IST,2026-07-08T03:36:00Z,scheduled,customer_question,Customer discovery question,question_poll,firm_owner_2_20_staff,monday_email_queue,,question,145,True,False,0,openai,,,9801468,https://typefully.com/t/pKRdYw7,,,How often are your Mondays derailed by chasing missing receipts?\n1. Almost every week\n2. Once a month\n3. Rarely\n4. Never lucky enough to avoid it,,,,,,,,,
2026-07-07,2026-07-08,1,2026-07-08 14:35 IST,2026-07-08T09:05:00Z,scheduled,no_login_link,No-login upload link,two_part,solo_bookkeeper,receipts_scattered_everywhere,,client_simplicity,134,True,False,0,openai,pf_002;pf_005,,9801470,https://typefully.com/t/E1anDUH,,,"Receipts scattered in emails? Dropbox? Text messages?\n\nChaseDesk pulls them together with one no-login link. Less chaos, more closing.",,,,,,,,,
2026-07-07,2026-07-08,2,2026-07-08 20:16 IST,2026-07-08T14:46:00Z,scheduled,pain_led_story,Pain-led story,micro_story,solo_bookkeeper,client_says_just_estimate,,operational_pain,185,True,False,0,openai,,,9801471,https://typefully.com/t/GcC8qju,,,"""Just use last month's."" The classic client reply that jeopardizes clean books. It's not just about the numbers, it's about getting what you need in time. ChaseDesk can step in quietly.",,,,,,,,,
2026-07-08,2026-07-09,0,2026-07-09 09:47 IST,2026-07-09T04:17:00Z,scheduled,pain_led_story,Pain-led story,two_part,solo_bookkeeper,shoebox_receipts,,operational_pain,110,True,False,0,openai,pf_004,,9816286,https://typefully.com/t/F9fE435,,,"Receipt chasing feels endless, right?\n\nWith ChaseDesk, it's finally less about chasing and more about closing.",,,,,,,,,
2026-07-08,2026-07-09,1,2026-07-09 13:33 IST,2026-07-09T08:03:00Z,scheduled,no_login_link,No-login upload link,two_part,practice_ops,no_one_wants_another_portal,,client_simplicity,146,True,False,1,openai,pf_002,,9816287,https://typefully.com/t/4srwbDM,,,"Tired of clients groaning at another portal login?\n\nWith ChaseDesk, it's just a link to click, upload, and done. Less friction, more closing time.",,,,,,,,,
2026-07-08,2026-07-09,2,2026-07-09 19:48 IST,2026-07-09T14:18:00Z,scheduled,product_mechanic,Product mechanic,two_part,practice_ops,same_reminder_eleven_times,,mechanic,136,True,False,0,openai,pf_005,,9816290,https://typefully.com/t/Tgls2cn,,,"Tired of manually extracting receipts with no end in sight? \n\nChaseDesk OCRs uploaded receipts, helping post clean entries back to Xero.",,,,,,,,,
2026-07-09,2026-07-10,0,2026-07-10 09:26 IST,2026-07-10T03:56:00Z,scheduled,customer_question,Customer discovery question,question_poll,solo_bookkeeper,chasing_is_invisible_work,,question,157,True,False,0,openai,,,9831242,https://typefully.com/t/popAKg6,,,"When clients finally reply with receipts, what do they usually send?\n1. Clear photos\n2. Crumpled papers\n3. Partial info\n4. ""Use last month’s"" as a workaround",,,,,,,,,
2026-07-09,2026-07-10,1,2026-07-10 13:01 IST,2026-07-10T07:31:00Z,scheduled,no_login_link,No-login upload link,two_part,firm_owner_2_20_staff,blurry_whatsapp_photo,,client_simplicity,154,True,False,0,openai,pf_002,,9831243,https://typefully.com/t/MgfbGdX,,,"Tired of playing inbox detective to decipher blurry receipt photos?\n\nSend clients one no-login link with ChaseDesk. Click, upload, done. Focus on closing.",,,,,,,,,
2026-07-09,2026-07-10,2,2026-07-10 18:11 IST,2026-07-10T12:41:00Z,scheduled,before_after_workflow,Before / after workflow,two_part,solo_bookkeeper,junior_chasing_chain,,workflow_contrast,138,True,False,0,openai,pf_004,,9831246,https://typefully.com/t/Qq6NgLZ,,,"Before ChaseDesk: Chase clients for receipts, juggle emails, wait. \n\nAfter ChaseDesk: Auto-chases receipts, focus shifts to closing books.",,,,,,,,,
2026-07-10,2026-07-11,0,2026-07-11 09:25 IST,2026-07-11T03:55:00Z,scheduled,pain_led_story,Pain-led story,micro_story,practice_ops,new_client_paperwork_mess,,emotional_pain,144,True,False,0,openai,,,9845761,https://typefully.com/t/1VMEClp,,,"You onboard a new client and all you see are missing receipts. Hours spent chasing, not planning. Bookkeeping shouldn't feel like pulling teeth.",,,,,,,,,
2026-07-10,2026-07-11,1,2026-07-11 13:38 IST,2026-07-11T08:08:00Z,scheduled,no_login_link,No-login upload link,one_liner,firm_owner_2_20_staff,no_one_wants_another_portal,,client_simplicity,139,True,False,0,openai,pf_002,,9845764,https://typefully.com/t/GL3nsKG,,,"Clients dread complex portals. ChaseDesk simplifies: a single link for uploads, no logins needed. Less chasing, more closing for your team.",,,,,,,,,
2026-07-10,2026-07-11,2,2026-07-11 20:22 IST,2026-07-11T14:52:00Z,scheduled,identity_reframe,Identity reframe,two_part,solo_bookkeeper,monday_email_queue,,role_reframe,103,True,False,0,openai,pf_004,,9845765,https://typefully.com/t/95hsI2r,,,"Trained for books, not reminders.\n\nLet ChaseDesk handle the chase while you focus on closing the books.",,,,,,,,,
2026-07-11,2026-07-12,0,2026-07-12 10:24 IST,2026-07-12T04:54:00Z,scheduled,identity_reframe,Identity reframe,two_part,firm_owner_2_20_staff,sunday_night_catchup,,role_reframe,118,True,False,0,openai,pf_004,,9858559,https://typefully.com/t/T3gl6cx,,,"Trained in numbers, trapped by reminders.\n\nLet ChaseDesk handle the follow-ups while you focus on closing those books.",,,,,,,,,
2026-07-11,2026-07-12,1,2026-07-12 14:11 IST,2026-07-12T08:41:00Z,scheduled,hidden_cost,Hidden cost of chasing,micro_story,solo_bookkeeper,firm_at_capacity,,business_cost,174,True,False,0,openai,pf_004,,9858561,https://typefully.com/t/tW0bUGy,,,"Chasing receipts looks like a minor task, but it's holding back your firm's growth. With ChaseDesk, automate the chase and gain hours back to focus on acquiring more clients.",,,,,,,,,
2026-07-11,2026-07-12,2,2026-07-12 17:19 IST,2026-07-12T11:49:00Z,scheduled,pain_led_story,Pain-led story,one_liner,practice_ops,vat_deadline_missing_invoices,,time_pain,120,True,False,0,openai,,,9858562,https://typefully.com/t/mgV8adc,,,That VAT deadline erases all weekend plans when you're stuck chasing missing supplier receipts instead of closing books.,,,,,,,,,
2026-07-12,2026-07-13,0,2026-07-13 09:13 IST,2026-07-13T03:43:00Z,scheduled,no_login_link,No-login upload link,two_part,solo_bookkeeper,no_one_wants_another_portal,,client_simplicity,134,True,False,0,openai,pf_002,,9869313,https://typefully.com/t/QAYydy9,,,"""Please, not another login,"" your client sighs.\n\nChaseDesk gives them a single link: click, upload, done. Less friction, more closing.",,,,,,,,,
2026-07-12,2026-07-13,1,2026-07-13 16:26 IST,2026-07-13T10:56:00Z,scheduled,pain_led_story,Pain-led story,micro_story,firm_owner_2_20_staff,fifth_followup_email,,operational_pain,159,True,False,0,openai,,,9869314,https://typefully.com/t/Cp19TKI,,,"""Can you resend that receipt?"" A familiar dread as you hit send on another follow-up. Manual reminders eat into team hours. Maybe it's time for autopilot help.",,,,,,,,,
2026-07-12,2026-07-13,2,2026-07-13 20:38 IST,2026-07-13T15:08:00Z,scheduled,founder_discovery,Founder / discovery observation,two_part,practice_ops,wrong_document_uploaded,,founder_pov,129,True,False,0,openai,,,9869315,https://typefully.com/t/iaWNjX1,,,"Spoke to more Xero firms: It's the same loop. Chase, nudge, wait.\n\nTurns out, the books aren't the problem—it's client responses.",,,,,,,,,
2026-07-13,2026-07-14,0,2026-07-14 11:55 IST,2026-07-14T06:25:00Z,scheduled,pain_led_story,Pain-led story,one_liner,solo_bookkeeper,month_end_blocked,,operational_pain,90,True,False,0,openai,,,9881574,https://typefully.com/t/Otg5mj8,,,"Chasing receipts shouldn't be the main act. Focus on closing books, not chasing paperwork.",,,,,,,,,
2026-07-13,2026-07-14,1,2026-07-14 16:23 IST,2026-07-14T10:53:00Z,scheduled,hidden_cost,Hidden cost of chasing,one_liner,firm_owner_2_20_staff,year_end_ghosting,,hidden_cost,129,True,False,0,openai,pf_001;pf_004,,9881575,https://typefully.com/t/eA36Oid,,,"Looks like admin, but chasing receipts is the quiet cost keeping your team from more clients. With ChaseDesk, automate the chase.",,,,,,,,,
2026-07-13,2026-07-14,2,2026-07-14 20:42 IST,2026-07-14T15:12:00Z,scheduled,founder_discovery,Founder / discovery observation,micro_story,firm_owner_2_20_staff,wrong_document_uploaded,,discovery,180,True,False,0,openai,pf_003;pf_004,,9881576,https://typefully.com/t/jOHctFV,,,"Every Xero bookkeeper knows it: the real delay isn't numbers, it's client responses. They finally send a receipt—but it's for the wrong transaction. ChaseDesk helps stop this loop.",,,,,,,,,
2026-07-14,2026-07-15,0,2026-07-15 09:00 IST,2026-07-15T03:30:00Z,scheduled,pain_led_story,Pain-led story,micro_story,firm_owner_2_20_staff,blurry_whatsapp_photo,,operational_pain,149,True,False,0,openai,,,9896446,https://typefully.com/t/omFZyL1,,,"Client sends a receipt—finally. It's wrong, for the wrong transaction, and yet the follow-up loop continues. Bookkeeping shouldn’t feel like déjà vu.",,,,,,,,,
2026-07-14,2026-07-15,1,2026-07-15 13:48 IST,2026-07-15T08:18:00Z,scheduled,before_after_workflow,Before / after workflow,two_part,solo_bookkeeper,dashboard_who_is_blocking,,workflow_contrast,153,True,False,0,openai,pf_003;pf_004,,9896448,https://typefully.com/t/9aGHbZD,,,"Before ChaseDesk: Open inbox, ask again, wait, repeat.\n\nAfter ChaseDesk: Auto-follow-ups until receipts arrive. More time for numbers, less time nudging.",,,,,,,,,
2026-07-14,2026-07-15,2,2026-07-15 17:02 IST,2026-07-15T11:32:00Z,review_queue,category_contrast,Category contrast,one_liner,firm_owner_2_20_staff,receipts_scattered_everywhere,,category_contrast,135,True,True,0,openai,,,,,,,Most receipt tools start where the pain begins: after receipts arrive. Meet ChaseDesk—the Xero firm's autopilot for getting them there.,,,,,,,,,
2026-07-15,2026-07-16,0,2026-07-16 12:29 IST,2026-07-16T06:59:00Z,scheduled,no_login_link,No-login upload link,two_part,practice_ops,receipts_scattered_everywhere,,client_simplicity,149,True,False,0,openai,pf_002,,9911815,https://typefully.com/t/Jc6H6NV,,,"A client receipt scattered across five channels?\n\nChaseDesk offers them one simple link: click, upload, done. Now your team can focus on the numbers.",,,,,,,,,
2026-07-15,2026-07-16,1,2026-07-16 15:42 IST,2026-07-16T10:12:00Z,scheduled,founder_discovery,Founder / discovery observation,one_liner,solo_bookkeeper,wrong_document_uploaded,,discovery,135,True,False,0,openai,,,9911816,https://typefully.com/t/t4fPzwx,,,"Client sends a receipt, but it’s for the wrong year. The follow-up loop starts over, eating hours that could be spent on closing books.",,,,,,,,,
2026-07-15,2026-07-16,2,2026-07-16 20:55 IST,2026-07-16T15:25:00Z,scheduled,before_after_workflow,Before / after workflow,two_part,solo_bookkeeper,dashboard_who_is_blocking,,workflow_contrast,144,True,False,0,openai,pf_006,,9911817,https://typefully.com/t/pX6r81d,,,"Before ChaseDesk: Multiple tabs, manual follow-ups, close delays.\n\nAfter ChaseDesk: One dashboard tells you who needs that Monday morning nudge.",,,,,,,,,
2026-07-16,2026-07-17,0,2026-07-17 11:30 IST,2026-07-17T06:00:00Z,scheduled,pain_led_story,Pain-led story,two_part,practice_ops,monday_email_queue,,operational_pain,100,True,False,0,openai,,,9926286,https://typefully.com/t/bwalpTD,,,"Every bookkeeper knows the loop: chase, nudge, wait.\n\nTurns out, the real delay is client responses.",,,,,,,,,
2026-07-16,2026-07-17,1,2026-07-17 14:39 IST,2026-07-17T09:09:00Z,scheduled,before_after_workflow,Before / after workflow,two_part,solo_bookkeeper,firm_at_capacity,,workflow_contrast,133,True,False,0,openai,pf_004,,9926287,https://typefully.com/t/Fe5AJlz,,,"Before ChaseDesk: Manual follow-ups, missed client responses, delayed closes.\n\nAfter ChaseDesk: Automated follow-ups, quicker closes.",,,,,,,,,
2026-07-16,2026-07-17,2,2026-07-17 17:44 IST,2026-07-17T12:14:00Z,scheduled,product_mechanic,Product mechanic,one_liner,solo_bookkeeper,wrong_document_uploaded,,mechanic,116,True,False,0,openai,pf_003,,9926288,https://typefully.com/t/sVFpQ9D,,,"Receipt uploaded, but it’s last year’s invoice? ChaseDesk detects these mismatches and helps you close books faster.",,,,,,,,,
2026-07-17,2026-07-18,0,2026-07-18 09:28 IST,2026-07-18T03:58:00Z,review_queue,category_contrast,Category contrast,micro_story,firm_owner_2_20_staff,close_waiting_three_weeks,datamolino,positioning,159,True,True,0,openai,pf_004,,,,,,"""Just send the receipt when you can."" Three weeks go by. No reply.\n\nChaseDesk quietly takes on the chasing, so your team doesn’t have to wait for the past due.",,,,,,,,,
2026-07-17,2026-07-18,1,2026-07-18 12:56 IST,2026-07-18T07:26:00Z,scheduled,customer_question,Customer discovery question,question_poll,solo_bookkeeper,chasing_is_invisible_work,,question,136,True,False,0,openai,,,9940362,https://typefully.com/t/bUynPYY,,,"When receipts finally arrive, what's your first reaction?\n1. Relief\n2. Stress from delays\n3. Frustration if incorrect\n4. Happy it’s over",,,,,,,,,
2026-07-17,2026-07-18,2,2026-07-18 17:38 IST,2026-07-18T12:08:00Z,scheduled,founder_discovery,Founder / discovery observation,micro_story,solo_bookkeeper,bookkeeper_not_debt_collector,,founder_pov,187,True,False,0,openai,pf_007,,9940364,https://typefully.com/t/ola9cKC,,,Talked to a bunch of Xero firms this month. The real challenge? It's not the books themselves—it's the waiting game for missing client receipts. ChaseDesk is built to tackle this head-on.,,,,,,,,,
2026-07-18,2026-07-19,0,2026-07-19 10:23 IST,2026-07-19T04:53:00Z,scheduled,no_login_link,No-login upload link,two_part,firm_owner_2_20_staff,shoebox_receipts,,client_simplicity,137,True,False,0,openai,pf_002,,9953065,https://typefully.com/t/779cRn1,,,"Clients hate portals.\n\nJust send them a link: click, upload, done. With ChaseDesk, that's all it takes for less chasing and more closing.",,,,,,,,,
2026-07-18,2026-07-19,1,2026-07-19 14:01 IST,2026-07-19T08:31:00Z,scheduled,before_after_workflow,Before / after workflow,list_contrast,solo_bookkeeper,dashboard_who_is_blocking,,workflow_contrast,142,True,False,0,openai,pf_003;pf_005,,9953066,https://typefully.com/t/99UMK6P,,,"Before ChaseDesk: Manually track missing receipts across emails.\n\nAfter ChaseDesk: ChaseDesk pulls what's needed, freeing you to close faster.",,,,,,,,,
2026-07-18,2026-07-19,2,2026-07-19 17:53 IST,2026-07-19T12:23:00Z,scheduled,customer_question,Customer discovery question,question_poll,solo_bookkeeper,monday_email_queue,,question,150,True,False,0,openai,,,9953068,https://typefully.com/t/Lwf1jQb,,,What part of receipt chasing takes the most time?\n1. Manual follow-ups\n2. Client reminders\n3. Collating missing documents\n4. Correcting client uploads,,,,,,,,,
2026-07-19,2026-07-20,0,2026-07-20 09:49 IST,2026-07-20T04:19:00Z,scheduled,founder_discovery,Founder / discovery observation,micro_story,practice_ops,close_waiting_three_weeks,,founder_pov,192,True,False,0,openai,pf_004,,9965038,https://typefully.com/t/oZ6aRtV,,,"Every firm we talk to hits the same snag: It's not the accounting, it's clients delaying the close. With ChaseDesk, automate those follow-ups, leaving bookkeepers free to focus on the numbers.",,,,,,,,,
2026-07-19,2026-07-20,1,2026-07-20 14:44 IST,2026-07-20T09:14:00Z,scheduled,identity_reframe,Identity reframe,two_part,solo_bookkeeper,same_reminder_eleven_times,,identity,108,True,False,0,openai,pf_004,,9965039,https://typefully.com/t/wXuS4o6,,,"You didn't sign up to be a reminder machine.\n\nChaseDesk auto-follows, freeing your time to focus on closing.",,,,,,,,,
2026-07-19,2026-07-20,2,2026-07-20 18:43 IST,2026-07-20T13:13:00Z,scheduled,no_login_link,No-login upload link,micro_story,solo_bookkeeper,no_one_wants_another_portal,,client_simplicity,136,True,False,0,openai,pf_002;pf_004,,9965040,https://typefully.com/t/RQrKlts,,,"""Another login?"" your client hesitates. Offer them a no-login link with ChaseDesk. Click, upload, done. Fewer hurdles, smoother closing.",,,,,,,,,
2026-07-20,2026-07-21,0,2026-07-21 09:26 IST,2026-07-21T03:56:00Z,scheduled,before_after_workflow,Before / after workflow,two_part,solo_bookkeeper,junior_chasing_chain,,workflow_contrast,140,True,False,0,openai,pf_004,,9977389,https://typefully.com/t/aKxGmDa,,,"Before ChaseDesk: Open multiple tabs, send reminders, track responses.\n\nAfter ChaseDesk: Automated chases. Clear your desk for more clients.",,,,,,,,,
2026-07-20,2026-07-21,1,2026-07-21 16:09 IST,2026-07-21T10:39:00Z,review_queue,soft_waitlist_cta,Soft waitlist CTA,two_part,solo_bookkeeper,firm_at_capacity,,soft_cta,209,True,True,0,openai,pf_004,,,,,,"Admin overflow keeping you from taking on more clients?\n\nChaseDesk automates the chase for missing receipts, so you can focus on growth. We're opening access in batches to Xero firms still doing this manually.",,,,,,,,,
2026-07-20,2026-07-21,2,2026-07-21 20:06 IST,2026-07-21T14:36:00Z,scheduled,pain_led_story,Pain-led story,two_part,practice_ops,client_says_just_estimate,,operational_pain,125,True,False,0,openai,,,9977391,https://typefully.com/t/NM1BI9m,,,"Clients shrug off missing receipts as ""just estimate it.""\n\nThis casualness isn't harmless; it keeps clean books out of reach.",,,,,,,,,
2026-07-21,2026-07-22,0,2026-07-22 13:06 IST,2026-07-22T07:36:00Z,scheduled,before_after_workflow,Before / after workflow,two_part,firm_owner_2_20_staff,new_client_paperwork_mess,,workflow_contrast,154,True,False,0,openai,pf_003;pf_004;pf_005,,9993148,https://typefully.com/t/bqn1g2A,,,"Before ChaseDesk: New client onboard, backlogged docs, endless reminders.\n\nAfter ChaseDesk: Automated chasing, clean entries, more time for complex tasks.",,,,,,,,,
2026-07-21,2026-07-22,1,2026-07-22 16:45 IST,2026-07-22T11:15:00Z,scheduled,founder_discovery,Founder / discovery observation,one_liner,firm_owner_2_20_staff,month_end_blocked,,discovery,133,True,False,0,openai,,,9993149,https://typefully.com/t/OP78X4p,,,"Month-end is almost done, but not until those missing receipts are found. The accounting isn't blocking you—it's the client response.",,,,,,,,,
2026-07-21,2026-07-22,2,2026-07-22 20:01 IST,2026-07-22T14:31:00Z,scheduled,pain_led_story,Pain-led story,micro_story,solo_bookkeeper,same_reminder_eleven_times,,emotional_pain,147,True,False,0,openai,,,9993151,https://typefully.com/t/1qZLXgX,,,"Every 'just need those receipts' email feels like déjà vu. You didn't sign up for this. Bookkeepers deserve more time for numbers, less for nudges.",,,,,,,,,
2026-07-22,2026-07-23,0,2026-07-23 09:56 IST,2026-07-23T04:26:00Z,scheduled,pain_led_story,Pain-led story,two_part,solo_bookkeeper,vat_deadline_missing_invoices,,operational_pain,118,True,False,0,openai,,,10008446,https://typefully.com/t/CHIDKt2,,,VAT submissions looming and receipts are AWOL. \n\nThe true blocker? It's not your skills—it's that missing paper trail.,,,,,,,,,
2026-07-22,2026-07-23,1,2026-07-23 13:25 IST,2026-07-23T07:55:00Z,scheduled,founder_discovery,Founder / discovery observation,micro_story,solo_bookkeeper,blurry_whatsapp_photo,,discovery,207,True,False,0,openai,pf_004,,10008448,https://typefully.com/t/8QZr12B,,,Ever get a client response with a blurry receipt photo? That’s not uncommon. The books aren’t the bottleneck—client communication is. Let ChaseDesk handle the follow-ups while you concentrate on the numbers.,,,,,,,,,
2026-07-22,2026-07-23,2,2026-07-23 18:31 IST,2026-07-23T13:01:00Z,scheduled,identity_reframe,Identity reframe,two_part,firm_owner_2_20_staff,sunday_night_catchup,,emotional_pain,94,True,False,0,openai,,,10008449,https://typefully.com/t/nP9lWCf,,,"Chasing receipts on a Sunday night?\n\nSounds like personal time is taking a hit, not the books.",,,,,,,,,
2026-07-23,2026-07-24,0,2026-07-24 11:12 IST,2026-07-24T05:42:00Z,scheduled,hidden_cost,Hidden cost of chasing,micro_story,practice_ops,shoebox_receipts,,hidden_cost,204,True,False,0,openai,pf_004,,10023858,https://typefully.com/t/yQOUh7C,,,"Receipt chasing looks like minor admin. Yet every missing receipt means more emails, more phone calls. This invisible work bleeds into the weekend. ChaseDesk automates the chase, giving you weekends back.",,,,,,,,,
2026-07-23,2026-07-24,1,2026-07-24 17:01 IST,2026-07-24T11:31:00Z,scheduled,identity_reframe,Identity reframe,two_part,solo_bookkeeper,fifth_followup_email,,role_reframe,123,True,False,0,openai,pf_001;pf_004,,10023859,https://typefully.com/t/ZYlQ8Uv,,,"Spent years mastering accounts, not mastering the art of polite reminders. \n\nWith ChaseDesk, focus on closing, not chasing.",,,,,,,,,
2026-07-23,2026-07-24,2,2026-07-24 20:39 IST,2026-07-24T15:09:00Z,scheduled,no_login_link,No-login upload link,two_part,solo_bookkeeper,shoebox_receipts,,client_simplicity,109,True,False,0,openai,pf_002,,10023860,https://typefully.com/t/hdHYH9p,,,"The client's shoebox is not a system—it's a time thief.\n\nChaseDesk offers a single link: click, upload, done.",,,,,,,,,
2026-07-24,2026-07-25,0,2026-07-25 12:18 IST,2026-07-25T06:48:00Z,scheduled,before_after_workflow,Before / after workflow,two_part,firm_owner_2_20_staff,junior_chasing_chain,,workflow_contrast,153,True,False,0,openai,pf_004,,10037845,https://typefully.com/t/SeyiY4o,,,"Before ChaseDesk: Chase the receipt, then chase the client, then repeat.\n\nAfter ChaseDesk: Automated follow-ups free your team for real bookkeeping work.",,,,,,,,,
2026-07-24,2026-07-25,1,2026-07-25 16:37 IST,2026-07-25T11:07:00Z,scheduled,pain_led_story,Pain-led story,micro_story,practice_ops,year_end_ghosting,,emotional_pain,175,True,False,0,openai,,,10037846,https://typefully.com/t/1Vh1mdp,,,It's year-end. Three clients are still missing a full quarter of receipts. You didn't sign up to chase ghosts; you signed up to close books. This is the real month-end crunch.,,,,,,,,,
2026-07-24,2026-07-25,2,2026-07-25 20:03 IST,2026-07-25T14:33:00Z,scheduled,founder_discovery,Founder / discovery observation,micro_story,practice_ops,wrong_document_uploaded,,discovery,182,True,False,0,openai,,,10037849,https://typefully.com/t/JATR0iX,,,"Client sends a document—finally. It's last year's receipt. The follow-up loop restarts. Bookkeepers are stuck in this cycle, missing their real role: closing books, not chasing docs.",,,,,,,,,
